"时间","非耕地经风蚀进入大气的磷量","海洋飞沫进入大气的磷量","农业种植经风蚀进入大气的磷量","N2大气沉降","N3大气沉降","N4大气沉降","N7大气沉降"
"1600","297184.65","4333.083333","15467.68746","231034.480424","3494","57280.25000000001","12131.519576"
"1601","297184.65","4333.083333","15467.68746","231034.480424","3494","57280.25000000001","12131.519576"
"1602","297184.65","4333.083333","15333.95711","231139.366972","3494","57280.25000000001","12026.633028"
"1603","297184.65","4333.083333","15200.62427","231243.941752","3494","57280.25000000001","11922.058248"
"1604","297184.65","4333.083333","15067.88768","231348.04887799997","3494","57280.25000000001","11817.951122"
"1605","297184.65","4333.083333","14935.9461","231451.53246800002","3494","57280.25000000001","11714.467532"
"1606","297184.65","4333.083333","14804.99829","231554.23663399997","3494","57280.25000000001","11611.763365999997"
"1607","297184.65","4333.083333","14675.24299","231656.00549399998","3494","57280.25000000001","11509.994505999995"
"1608","297184.65","4333.083333","14546.87896","231756.683166","3494","57280.25000000001","11409.316834000001"
"1609","297184.65","4333.083333","14420.10496","231856.11375999998","3494","57280.25000000001","11309.886240000002"
"1610","297184.65","4333.083333","14295.11972","231954.141396","3494","57280.25000000001","11211.858604"
"1611","297184.65","4333.083333","14172.12201","232050.610186","3494","57280.25000000001","11115.389813999998"
"1612","297184.65","4333.083333","14051.31058","232145.36424999998","3494","57280.25000000001","11020.63575"
"1613","297184.65","4333.083333","13932.88418","232238.24769999998","3494","57280.25000000001","10927.752300000002"
"1614","297184.65","4333.083333","13817.04157","232329.10465400002","3494","57280.25000000001","10836.895346000001"
"1615","297184.65","4333.083333","13703.98149","232417.77922599998","3494","57280.25000000001","10748.220774000001"
"1616","297184.65","4333.083333","13593.9027","232504.115532","3494","57280.25000000001","10661.884468"
"1617","297184.65","4333.083333","13487.00395","232587.957688","3494","57280.25000000001","10578.042312000001"
"1618","297184.65","4333.083333","13383.48399","232669.14980799993","3494","57280.25000000001","10496.850192"
"1619","297184.65","4333.083333","13283.54159","232747.53600999998","3494","57280.25000000001","10418.46399"
"1620","297184.65","4333.083333","13187.37548","232822.96041","3494","57280.25000000001","10343.03959"
"1621","297184.65","4333.083333","13095.18442","232895.26711999992","3494","57280.25000000001","10270.732880000001"
"1622","297184.65","4333.083333","13007.16717","232964.30025799997","3494","57280.25000000001","10201.699742"
"1623","297184.65","4333.083333","12923.52248","233029.90393999993","3494","57280.25000000001","10136.09606"
"1624","297184.65","4333.083333","12844.44909","233091.922282","3494","57280.25000000001","10074.077718"
"1625","297184.65","4333.083333","12770.14577","233150.19939599998","3494","57280.25000000001","10015.800603999998"
"1626","297184.65","4333.083333","12700.81126","233204.579402","3494","57280.25000000001","9961.420597999999"
"1627","297184.65","4333.083333","12636.64432","233254.90641399997","3494","57280.25000000001","9911.093585999999"
"1628","297184.65","4333.083333","12577.8437","233301.024548","3494","57280.25000000001","9864.975452"
"1629","297184.65","4333.083333","12524.60816","233342.77791800004","3494","57280.25000000001","9823.222082"
"1630","297184.65","4333.083333","12477.13319","233380.01318600003","3494","57280.25000000001","9785.986814000002"
"1631","297184.65","4333.083333","12435.48817","233412.67594199994","3494","57280.25000000001","9753.324058"
"1632","297184.65","4333.083333","12399.57862","233440.840296","3494","57280.25000000001","9725.159704"
"1633","297184.65","4333.083333","12369.2991","233464.588942","3494","57280.25000000001","9701.411058"
"1634","297184.65","4333.083333","12344.54416","233484.004578","3494","57280.25000000001","9681.995422"
"1635","297184.65","4333.083333","12325.20838","233499.169898","3494","57280.25000000001","9666.830102"
"1636","297184.65","4333.083333","12311.18631","233510.1676","3494","57280.25000000001","9655.832400000001"
"1637","297184.65","4333.083333","12302.37252","233517.080378","3494","57280.25000000001","9648.919622000001"
"1638","297184.65","4333.083333","12298.66156","233519.99093","3494","57280.25000000001","9646.00907"
"1639","297184.65","4333.083333","12299.94801","233518.981952","3494","57280.25000000001","9647.018048"
"1640","297184.65","4333.083333","12306.12642","233514.13613800003","3494","57280.25000000001","9651.863862"
"1641","297184.65","4333.083333","12317.09136","233505.536188","3494","57280.25000000001","9660.463812000002"
"1642","297184.65","4333.083333","12332.73739","233493.264796","3494","57280.25000000001","9672.735204"
"1643","297184.65","4333.083333","12352.95906","233477.404656","3494","57280.25000000001","9688.595344"
"1644","297184.65","4333.083333","12377.65095","233458.038468","3494","57280.25000000001","9707.961532000001"
"1645","297184.65","4333.083333","12406.70762","233435.24892599997","3494","57280.25000000001","9730.751074"
"1646","297184.65","4333.083333","12440.02362","233409.11872600002","3494","57280.25000000001","9756.881274000001"
"1647","297184.65","4333.083333","12477.49353","233379.730566","3494","57280.25000000001","9786.269434000002"
"1648","297184.65","4333.083333","12519.0119","233347.16713999998","3494","57280.25000000001","9818.83286"
"1649","297184.65","4333.083333","12564.47329","233311.51114400002","3494","57280.25000000001","9854.488856000002"
"1650","316726.1499","4333.083333","12613.77227","246612.845276","3494","57280.25000000001","9893.154724"
"1651","316726.1499","4333.083333","12666.80341","246571.25222999998","3494","57280.25000000001","9934.747770000002"
"1652","316726.1499","4333.083333","12723.46125","246526.81470400002","3494","57280.25000000001","9979.185296000001"
"1653","316726.1499","4333.083333","12783.64037","246479.615394","3494","57280.25000000001","10026.384606000001"
"1654","316726.1499","4333.083333","12847.23533","246429.73699599996","3494","57280.25000000001","10076.263004"
"1655","316726.1499","4333.083333","12914.14069","246377.26220400003","3494","57280.25000000001","10128.737796000001"
"1656","316726.1499","4333.083333","12984.25101","246322.273718","3494","57280.25000000001","10183.726282000001"
"1657","316726.1499","4333.083333","13057.46086","246264.85422999994","3494","57280.25000000001","10241.145770000001"
"1658","316726.1499","4333.083333","13133.66479","246205.08644000004","3494","57280.25000000001","10300.913559999999"
"1659","316726.1499","4333.083333","13212.75737","246143.05304","3494","57280.25000000001","10362.946960000001"
"1660","316726.1499","4333.083333","13294.63317","246078.83673000004","3494","57280.25000000001","10427.163270000001"
"1661","316726.1499","4333.083333","13379.18674","246012.520204","3494","57280.25000000001","10493.479796000001"
"1662","316726.1499","4333.083333","13466.31265","245944.18615999998","3494","57280.25000000001","10561.81384"
"1663","316726.1499","4333.083333","13555.90545","245873.917292","3494","57280.25000000001","10632.082708"
"1664","316726.1499","4333.083333","13647.85972","245801.796296","3494","57280.25000000001","10704.203704000001"
"1665","316726.1499","4333.083333","13742.07002","245727.90587","3494","57280.25000000001","10778.09413"
"1666","316726.1499","4333.083333","13838.4309","245652.32870800002","3494","57280.25000000001","10853.671292"
"1667","316726.1499","4333.083333","13936.83693","245575.14750800002","3494","57280.25000000001","10930.852492"
"1668","316726.1499","4333.083333","14037.18267","245496.444966","3494","57280.25000000001","11009.555034"
"1669","316726.1499","4333.083333","14139.36268","245416.30377799997","3494","57280.25000000001","11089.696222"
"1670","316726.1499","4333.083333","14243.27154","245334.80664000002","3494","57280.25000000001","11171.19336"
"1671","316726.1499","4333.083333","14348.80379","245252.03624599992","3494","57280.25000000001","11253.963754"
"1672","316726.1499","4333.083333","14455.854","245168.07529600002","3494","57280.25000000001","11337.924704000001"
"1673","316726.1499","4333.083333","14564.31674","245083.00648199994","3494","57280.25000000001","11422.993518"
"1674","316726.1499","4333.083333","14674.08656","244996.91250400004","3494","57280.25000000001","11509.087496"
"1675","316726.1499","4333.083333","14785.05803","244909.876056","3494","57280.25000000001","11596.123944"
"1676","316726.1499","4333.083333","14897.12571","244821.97983400003","3494","57280.25000000001","11684.020166000002"
"1677","316726.1499","4333.083333","15010.18417","244733.30653600002","3494","57280.25000000001","11772.693464"
"1678","316726.1499","4333.083333","15124.12796","244643.93885599996","3494","57280.25000000001","11862.061144000001"
"1679","316726.1499","4333.083333","15238.85165","244553.95949","3494","57280.25000000001","11952.04051"
"1680","316726.1499","4333.083333","15354.2498","244463.451136","3494","57280.25000000001","12042.548864"
"1681","316726.1499","4333.083333","15470.21697","244372.49649","3494","57280.25000000001","12133.50351"
"1682","316726.1499","4333.083333","15586.64773","244281.17824800004","3494","57280.25000000001","12224.821752"
"1683","316726.1499","4333.083333","15703.43664","244189.579104","3494","57280.25000000001","12316.420896"
"1684","316726.1499","4333.083333","15820.47826","244097.781756","3494","57280.25000000001","12408.218244"
"1685","316726.1499","4333.083333","15937.66715","244005.8689","3494","57280.25000000001","12500.1311"
"1686","316726.1499","4333.083333","16054.89788","243913.92323000001","3494","57280.25000000001","12592.07677"
"1687","316726.1499","4333.083333","16172.06501","243822.027446","3494","57280.25000000001","12683.972554"
"1688","316726.1499","4333.083333","16289.06309","243730.26424199998","3494","57280.25000000001","12775.735758"
"1689","316726.1499","4333.083333","16405.7867","243638.716314","3494","57280.25000000001","12867.283686"
"1690","314465.1501","4333.083333","16522.13039","243547.46635999996","3494","57280.25000000001","12958.533639999998"
"1691","314465.1501","4333.083333","16637.98873","243456.59707199995","3494","57280.25000000001","13049.402928000001"
"1692","314465.1501","4333.083333","16753.25628","243366.19115","3494","57280.25000000001","13139.808850000001"
"1693","314465.1501","4333.083333","16867.82761","243276.33129000003","3494","57280.25000000001","13229.668710000002"
"1694","314465.1501","4333.083333","16981.59726","243187.100186","3494","57280.25000000001","13318.899814"
"1695","314465.1501","4333.083333","17094.45982","243098.580534","3494","57280.25000000001","13407.419466000001"
"1696","314465.1501","4333.083333","17206.30983","243010.855034","3494","57280.25000000001","13495.144966000002"
"1697","314465.1501","4333.083333","17317.04187","242924.00637800002","3494","57280.25000000001","13581.993621999998"
"1698","314465.1501","4333.083333","17426.55049","242838.117262","3494","57280.25000000001","13667.882738000002"
"1699","314465.1501","4333.083333","17534.73026","242753.270386","3494","57280.25000000001","13752.729614000002"
"1700","314465.1501","4333.083333","17641.47574","242669.548442","3494","57280.25000000001","13836.451558"
"1701","314465.1501","4333.083333","17746.68149","242587.03413000001","3494","57280.25000000001","13918.965870000002"
"1702","314465.1501","4333.083333","17850.24207","242505.81014199997","3494","57280.25000000001","14000.189857999998"
"1703","314465.1501","4333.083333","17952.05205","242425.959178","3494","57280.25000000001","14080.040822"
"1704","314465.1501","4333.083333","18052.00599","242347.56392999997","3494","57280.25000000001","14158.43607"
"1705","314465.1501","4333.083333","18149.99845","242270.707098","3494","57280.25000000001","14235.292902000001"
"1706","314465.1501","4333.083333","18245.92399","242195.471378","3494","57280.25000000001","14310.528622000002"
"1707","314465.1501","4333.083333","18339.67719","242121.939462","3494","57280.25000000001","14384.060538"
"1708","314465.1501","4333.083333","18431.15259","242050.19405","3494","57280.25000000001","14455.80595"
"1709","314465.1501","4333.083333","18520.24476","241980.317838","3494","57280.25000000001","14525.682162000003"
"1710","314465.1501","4333.083333","18606.84826","241912.39351999998","3494","57280.25000000001","14593.60648"
"1711","314465.1501","4333.083333","18690.85766","241846.50379399996","3494","57280.25000000001","14659.496206"
"1712","314465.1501","4333.083333","18772.16752","241782.731356","3494","57280.25000000001","14723.268644000002"
"1713","314465.1501","4333.083333","18850.6724","241721.1589","3494","57280.25000000001","14784.841100000001"
"1714","314465.1501","4333.083333","18926.26687","241661.86912600003","3494","57280.25000000001","14844.130874"
"1715","314465.1501","4333.083333","18998.84547","241604.944726","3494","57280.25000000001","14901.055274"
"1716","314465.1501","4333.083333","19068.30279","241550.468398","3494","57280.25000000001","14955.531602"
"1717","314465.1501","4333.083333","19134.53338","241498.52283799998","3494","57280.25000000001","15007.477162"
"1718","314465.1501","4333.083333","19197.4318","241449.19074400002","3494","57280.25000000001","15056.809256"
"1719","314465.1501","4333.083333","19256.93014","241402.525376","3494","57280.25000000001","15103.474624"
"1720","314465.1501","4333.083333","19313.1106","241358.46227799996","3494","57280.25000000001","15147.537722000003"
"1721","314465.1501","4333.083333","19366.09287","241316.907554","3494","57280.25000000001","15189.092446000002"
"1722","314465.1501","4333.083333","19415.99668","241277.76731200004","3494","57280.25000000001","15228.232688"
"1723","314465.1501","4333.083333","19462.94173","241240.94765999992","3494","57280.25000000001","15265.05234"
"1724","314465.1501","4333.083333","19507.04775","241206.35470399997","3494","57280.25000000001","15299.645296"
"1725","314465.1501","4333.083333","19548.43445","241173.89455","3494","57280.25000000001","15332.105450000001"
"1726","314465.1501","4333.083333","19587.22153","241143.473308","3494","57280.25000000001","15362.526692000001"
"1727","314465.1501","4333.083333","19623.52872","241114.99708399997","3494","57280.25000000001","15391.002916"
"1728","314465.1501","4333.083333","19657.47572","241088.371986","3494","57280.25000000001","15417.628014"
"1729","314465.1501","4333.083333","19689.18225","241063.50412000003","3494","57280.25000000001","15442.495880000002"
"1730","314465.1501","4333.083333","19718.76802","241040.299592","3494","57280.25000000001","15465.700408000004"
"1731","314465.1501","4333.083333","19746.35275","241018.664512","3494","57280.25000000001","15487.335487999999"
"1732","314465.1501","4333.083333","19772.05614","240998.504986","3494","57280.25000000001","15507.495013999998"
"1733","314465.1501","4333.083333","19795.99792","240979.72712199998","3494","57280.25000000001","15526.272878000002"
"1734","314465.1501","4333.083333","19818.29779","240962.237024","3494","57280.25000000001","15543.762976"
"1735","314465.1501","4333.083333","19839.07547","240945.94080399998","3494","57280.25000000001","15560.059195999998"
"1736","314465.1501","4333.083333","19858.45068","240930.74456599998","3494","57280.25000000001","15575.255433999997"
"1737","314465.1501","4333.083333","19876.54312","240916.554418","3494","57280.25000000001","15589.445582"
"1738","314465.1501","4333.083333","19893.47251","240903.27646599998","3494","57280.25000000001","15602.723533999999"
"1739","314465.1501","4333.083333","19909.35855","240890.81682000004","3494","57280.25000000001","15615.183179999998"
"1740","310317.15","4333.083333","19924.32098","240879.081584","3494","57280.25000000001","15626.918416000002"
"1741","310317.15","4333.083333","19938.47949","240867.97686800003","3494","57280.25000000001","15638.023131999998"
"1742","310317.15","4333.083333","19951.95381","240857.40877799998","3494","57280.25000000001","15648.591222000003"
"1743","310317.15","4333.083333","19964.86364","240847.28342200004","3494","57280.25000000001","15658.716577999998"
"1744","310317.15","4333.083333","19977.3287","240837.50690399998","3494","57280.25000000001","15668.493095999998"
"1745","310317.15","4333.083333","19989.4687","240827.98533599998","3494","57280.25000000001","15678.014664"
"1746","310317.15","4333.083333","20001.40335","240818.62482000003","3494","57280.25000000001","15687.375180000003"
"1747","310317.15","4333.083333","20013.25238","240809.331468","3494","57280.25000000001","15696.668532"
"1748","310317.15","4333.083333","20025.12441","240800.020068","3494","57280.25000000001","15705.979932"
"1749","310317.15","4333.083333","20037.08381","240790.64014599996","3494","57280.25000000001","15715.359853999997"
"1750","310317.15","4333.083333","20049.18386","240781.14990999998","3494","57280.25000000001","15724.85009"
"1751","310317.15","4333.083333","20061.47785","240771.50756800003","3494","57280.25000000001","15734.492432"
"1752","310317.15","4333.083333","20074.01905","240761.67133","3494","57280.25000000001","15744.328669999999"
"1753","310317.15","4333.083333","20086.86076","240751.59940200002","3494","57280.25000000001","15754.400598000002"
"1754","310317.15","4333.083333","20100.05626","240741.249994","3494","57280.25000000001","15764.750006"
"1755","310317.15","4333.083333","20113.65882","240730.58131600003","3494","57280.25000000001","15775.418684000002"
"1756","310317.15","4333.083333","20127.72174","240719.551572","3494","57280.25000000001","15786.448427999998"
"1757","310317.15","4333.083333","20142.29831","240708.11897600003","3494","57280.25000000001","15797.881023999998"
"1758","310317.15","4333.083333","20157.44179","240696.24172999995","3494","57280.25000000001","15809.75827"
"1759","310317.15","4333.083333","20173.20549","240683.87804799998","3494","57280.25000000001","15822.121952000001"
"1760","310317.15","4333.083333","20189.64268","240670.98613600002","3494","57280.25000000001","15835.013864000004"
"1761","310317.15","4333.083333","20206.80664","240657.524204","3494","57280.25000000001","15848.475796"
"1762","310317.15","4333.083333","20224.75067","240643.450458","3494","57280.25000000001","15862.549541999999"
"1763","310317.15","4333.083333","20243.52804","240628.723108","3494","57280.25000000001","15877.276892000002"
"1764","310317.15","4333.083333","20263.19204","240613.30036199995","3494","57280.25000000001","15892.699638"
"1765","310317.15","4333.083333","20283.79595","240597.14043","3494","57280.25000000001","15908.85957"
"1766","310317.15","4333.083333","20305.39307","240580.20151800002","3494","57280.25000000001","15925.798481999998"
"1767","310317.15","4333.083333","20328.03666","240562.441834","3494","57280.25000000001","15943.558166000003"
"1768","310317.15","4333.083333","20351.78002","240543.81959","3494","57280.25000000001","15962.180410000003"
"1769","310317.15","4333.083333","20376.67644","240524.29299000002","3494","57280.25000000001","15981.70701"
"1770","310317.15","4333.083333","20402.77918","240503.82024799995","3494","57280.25000000001","16002.179751999998"
"1771","310317.15","4333.083333","20430.14155","240482.359566","3494","57280.25000000001","16023.640434"
"1772","310317.15","4333.083333","20458.81682","240459.86915800002","3494","57280.25000000001","16046.130842"
"1773","310317.15","4333.083333","20488.85828","240436.307228","3494","57280.25000000001","16069.692771999999"
"1774","310317.15","4333.083333","20520.31921","240411.631988","3494","57280.25000000001","16094.368012000003"
"1775","310317.15","4333.083333","20553.2529","240385.80164400002","3494","57280.25000000001","16120.198356"
"1776","310317.15","4333.083333","20587.71263","240358.77440599998","3494","57280.25000000001","16147.225594000001"
"1777","310317.15","4333.083333","20623.73083","240330.52484199998","3494","57280.25000000001","16175.475158000001"
"1778","310317.15","4333.083333","20661.25649","240301.09295","3494","57280.25000000001","16204.907049999998"
"1779","310317.15","4333.083333","20700.21776","240270.535092","3494","57280.25000000001","16235.464908"
"1780","310317.15","4333.083333","20740.54277","240238.90762800002","3494","57280.25000000001","16267.092372000003"
"1781","310317.15","4333.083333","20782.15968","240206.26691799998","3494","57280.25000000001","16299.733081999999"
"1782","310317.15","4333.083333","20824.99662","240172.66932200003","3494","57280.25000000001","16333.330678"
"1783","310317.15","4333.083333","20868.98172","240138.17119999998","3494","57280.25000000001","16367.828800000001"
"1784","310317.15","4333.083333","20914.04314","240102.828912","3494","57280.25000000001","16403.171088"
"1785","310317.15","4333.083333","20960.10901","240066.698818","3494","57280.25000000001","16439.301182000003"
"1786","310317.15","4333.083333","21007.10747","240029.83727800002","3494","57280.25000000001","16476.162722"
"1787","310317.15","4333.083333","21054.96667","239992.300654","3494","57280.25000000001","16513.699346"
"1788","310317.15","4333.083333","21103.61474","239954.14530200002","3494","57280.25000000001","16551.854698"
"1789","310317.15","4333.083333","21152.97983","239915.427586","3494","57280.25000000001","16590.572414000002"
"1790","310045.1499","4333.083333","21202.99007","239876.20386399998","3494","57280.25000000001","16629.796136"
"1791","310045.1499","4333.083333","21253.57362","239836.53049599996","3494","57280.25000000001","16669.469504"
"1792","310045.1499","4333.083333","21304.6586","239796.463842","3494","57280.25000000001","16709.536158000003"
"1793","310045.1499","4333.083333","21356.17316","239756.060262","3494","57280.25000000001","16749.939738"
"1794","310045.1499","4333.083333","21408.04545","239715.376118","3494","57280.25000000001","16790.623882000004"
"1795","310045.1499","4333.083333","21460.2036","239674.46776799997","3494","57280.25000000001","16831.532232"
"1796","310045.1499","4333.083333","21512.57574","239633.391572","3494","57280.25000000001","16872.608428000003"
"1797","310045.1499","4333.083333","21565.09004","239592.20389200002","3494","57280.25000000001","16913.796108"
"1798","310045.1499","4333.083333","21617.67462","239550.96108600002","3494","57280.25000000001","16955.038914"
"1799","310045.1499","4333.083333","21670.25762","239509.71951399994","3494","57280.25000000001","16996.280486"
"1800","310045.1499","4333.083333","21722.76719","239468.53553800003","3494","57280.25000000001","17037.464462"
"1801","310045.1499","4333.083333","21775.13147","239427.465516","3494","57280.25000000001","17078.534484"
"1802","310045.1499","4333.083333","21827.27859","239386.56581","3494","57280.25000000001","17119.434190000004"
"1803","310045.1499","4333.083333","21879.13671","239345.892778","3494","57280.25000000001","17160.107222"
"1804","310045.1499","4333.083333","21930.63395","239305.50278","3494","57280.25000000001","17200.497219999997"
"1805","310045.1499","4333.083333","21981.69847","239265.452178","3494","57280.25000000001","17240.547822"
"1806","310045.1499","4333.083333","22032.26165","239225.794782","3494","57280.25000000001","17280.205218"
"1807","310045.1499","4333.083333","22082.26789","239186.574202","3494","57280.25000000001","17319.425798"
"1808","310045.1499","4333.083333","22131.66483","239147.831504","3494","57280.25000000001","17358.168496000002"
"1809","310045.1499","4333.083333","22180.40012","239109.60775","3494","57280.25000000001","17396.39225"
"1810","310045.1499","4333.083333","22228.4214","239071.944002","3494","57280.25000000001","17434.055998"
"1811","310045.1499","4333.083333","22275.67631","239034.881324","3494","57280.25000000001","17471.118676"
"1812","310045.1499","4333.083333","22322.11251","238998.46077799998","3494","57280.25000000001","17507.539222000003"
"1813","310045.1499","4333.083333","22367.67763","238962.723426","3494","57280.25000000001","17543.276574"
"1814","310045.1499","4333.083333","22412.31933","238927.71033200005","3494","57280.25000000001","17578.289668"
"1815","310045.1499","4333.083333","22455.98524","238893.46255999993","3494","57280.25000000001","17612.53744"
"1816","310045.1499","4333.083333","22498.62301","238860.02117","3494","57280.25000000001","17645.97883"
"1817","310045.1499","4333.083333","22540.18029","238827.42722800002","3494","57280.25000000001","17678.572772000003"
"1818","310045.1499","4333.083333","22580.60471","238795.72179399998","3494","57280.25000000001","17710.278206000003"
"1819","310045.1499","4333.083333","22619.84394","238764.94593200003","3494","57280.25000000001","17741.054068"
"1820","310045.1499","4333.083333","22657.8456","238735.140706","3494","57280.25000000001","17770.859294"
"1821","310045.1499","4333.083333","22694.55735","238706.347178","3494","57280.25000000001","17799.652822"
"1822","310045.1499","4333.083333","22729.92683","238678.60640999992","3494","57280.25000000001","17827.39359"
"1823","310045.1499","4333.083333","22763.90168","238651.959466","3494","57280.25000000001","17854.040534"
"1824","310045.1499","4333.083333","22796.42955","238626.44741","3494","57280.25000000001","17879.55259"
"1825","310045.1499","4333.083333","22827.45809","238602.11130200003","3494","57280.25000000001","17903.888698"
"1826","310045.1499","4333.083333","22856.93494","238578.992206","3494","57280.25000000001","17927.007794"
"1827","310045.1499","4333.083333","22884.80774","238557.13118400003","3494","57280.25000000001","17948.868816000002"
"1828","310045.1499","4333.083333","22911.02414","238536.56930200002","3494","57280.25000000001","17969.430698"
"1829","310045.1499","4333.083333","22935.53178","238517.34762000002","3494","57280.25000000001","17988.65238"
"1830","310045.1499","4333.083333","22958.27832","238499.507202","3494","57280.25000000001","18006.492798"
"1831","310045.1499","4333.083333","22979.21139","238483.08911","3494","57280.25000000001","18022.910890000003"
"1832","310045.1499","4333.083333","22998.27863","238468.134406","3494","57280.25000000001","18037.865594"
"1833","310045.1499","4333.083333","23015.4277","238454.68415599997","3494","57280.25000000001","18051.315844"
"1834","310045.1499","4333.083333","23030.60624","238442.77942200002","3494","57280.25000000001","18063.220578"
"1835","310045.1499","4333.083333","23043.78678","238432.44174000004","3494","57280.25000000001","18073.558259999998"
"1836","310045.1499","4333.083333","23055.04144","238423.614556","3494","57280.25000000001","18082.385444"
"1837","310045.1499","4333.083333","23064.46722","238416.221788","3494","57280.25000000001","18089.778211999997"
"1838","310045.1499","4333.083333","23072.16112","238410.187356","3494","57280.25000000001","18095.812644"
"1839","310045.1499","4333.083333","23078.22015","238405.43517799999","3494","57280.25000000001","18100.564822000004"
"1840","306645.15","4333.083333","23082.7413","238401.889172","3494","57280.25000000001","18104.110827999997"
"1841","306645.15","4333.083333","23085.82159","238399.47326000003","3494","57280.25000000001","18106.526740000005"
"1842","306645.15","4333.083333","23087.55801","238398.11136","3494","57280.25000000001","18107.888639999997"
"1843","306645.15","4333.083333","23088.04758","238397.72739199997","3494","57280.25000000001","18108.272608"
"1844","306645.15","4333.083333","23087.38728","238398.245272","3494","57280.25000000001","18107.754728"
"1845","306645.15","4333.083333","23085.67412","238399.588924","3494","57280.25000000001","18106.411076"
"1846","306645.15","4333.083333","23083.00512","238401.68226200002","3494","57280.25000000001","18104.317738"
"1847","306645.15","4333.083333","23079.47726","238404.449208","3494","57280.25000000001","18101.550792000002"
"1848","306645.15","4333.083333","23075.18756","238407.81368","3494","57280.25000000001","18098.18632"
"1849","306645.15","4333.083333","23070.23301","238411.699598","3494","57280.25000000001","18094.300401999997"
"1850","306645.15","4333.083333","23064.71063","238416.030882","3494","57280.25000000001","18089.969118"
"1851","306645.15","4333.083333","23058.7174","238420.73145","3494","57280.25000000001","18085.26855"
"1852","306645.15","4333.083333","23052.35034","238425.72522","3494","57280.25000000001","18080.27478"
"1853","306645.15","4333.083333","23045.70646","238430.93611200005","3494","57280.25000000001","18075.063888"
"1854","306645.15","4333.083333","23038.88274","238436.288046","3494","57280.25000000001","18069.711954"
"1855","306645.15","4333.083333","23031.9762","238441.704942","3494","57280.25000000001","18064.295058"
"1856","306645.15","4333.083333","23025.08384","238447.110716","3494","57280.25000000001","18058.889284"
"1857","306645.15","4333.083333","23018.30266","238452.42928799996","3494","57280.25000000001","18053.570712000004"
"1858","306645.15","4333.083333","23011.72966","238457.584578","3494","57280.25000000001","18048.415422000002"
"1859","306645.15","4333.083333","23005.46185","238462.50050600004","3494","57280.25000000001","18043.499494"
"1860","306645.15","4333.083333","22999.59624","238467.10099000004","3494","57280.25000000001","18038.89901"
"1861","306645.15","4333.083333","22994.22981","238471.30994999997","3494","57280.25000000001","18034.69005"
"1862","306645.15","4333.083333","22989.45959","238475.051304","3494","57280.25000000001","18030.948696"
"1863","306645.15","4333.083333","22985.38256","238478.24897000002","3494","57280.25000000001","18027.75103"
"1864","306645.15","4333.083333","22982.09628","238480.82645","3494","57280.25000000001","18025.173550000003"
"1865","306645.15","4333.083333","22979.7004","238482.705568","3494","57280.25000000001","18023.294432"
"1866","306645.15","4333.083333","22978.29515","238483.80772799999","3494","57280.25000000001","18022.192272"
"1867","306645.15","4333.083333","22977.98073","238484.05433200003","3494","57280.25000000001","18021.945668"
"1868","306645.15","4333.083333","22978.85735","238483.366786","3494","57280.25000000001","18022.633214"
"1869","306645.15","4333.083333","22981.02522","238481.66649400003","3494","57280.25000000001","18024.333506000003"
"1870","306645.15","4333.083333","22984.58455","238478.87485999995","3494","57280.25000000001","18027.125140000004"
"1871","306645.15","4333.083333","22989.63556","238474.91329000003","3494","57280.25000000001","18031.08671"
"1872","306645.15","4333.083333","22996.27844","238469.70318600003","3494","57280.25000000001","18036.296814"
"1873","306645.15","4333.083333","23004.61341","238463.165954","3494","57280.25000000001","18042.834046"
"1874","306645.15","4333.083333","23014.74068","238455.222998","3494","57280.25000000001","18050.777002"
"1875","306645.15","4333.083333","23026.76045","238445.795722","3494","57280.25000000001","18060.204278"
"1876","306645.15","4333.083333","23040.77295","238434.80553","3494","57280.25000000001","18071.194470000002"
"1877","306645.15","4333.083333","23056.87837","238422.17382600004","3494","57280.25000000001","18083.826174"
"1878","306645.15","4333.083333","23075.17693","238407.82201600002","3494","57280.25000000001","18098.177983999998"
"1879","306645.15","4333.083333","23095.76884","238391.671502","3494","57280.25000000001","18114.328498000003"
"1880","306645.15","4333.083333","23118.7543","238373.64369","3494","57280.25000000001","18132.356310000003"
"1881","306645.15","4333.083333","23144.23352","238353.659984","3494","57280.25000000001","18152.340016000002"
"1882","306645.15","4333.083333","23172.30672","238331.641786","3494","57280.25000000001","18174.358214"
"1883","306645.15","4333.083333","23203.07411","238307.51050600002","3494","57280.25000000001","18198.489494"
"1884","306645.15","4333.083333","23236.63588","238281.187542","3494","57280.25000000001","18224.812458"
"1885","306645.15","4333.083333","23273.09227","238252.594302","3494","57280.25000000001","18253.405698000002"
"1886","306645.15","4333.083333","23312.54346","238221.652188","3494","57280.25000000001","18284.347812"
"1887","306645.15","4333.083333","23355.08968","238188.28260799995","3494","57280.25000000001","18317.717392000002"
"1888","306645.15","4333.083333","23400.83112","238152.40696199998","3494","57280.25000000001","18353.593038"
"1889","306645.15","4333.083333","23449.86801","238113.94665600001","3494","57280.25000000001","18392.053344"
"1890","306645.15","4333.083333","23502.30055","238072.823096","3494","57280.25000000001","18433.176904000004"
"1891","306645.15","4333.083333","23558.22895","238028.957684","3494","57280.25000000001","18477.042316000003"
"1892","306645.15","4333.083333","23617.75342","237982.271824","3494","57280.25000000001","18523.728176"
"1893","306645.15","4333.083333","23680.91529","237932.733102","3494","57280.25000000001","18573.266897999998"
"1894","306645.15","4333.083333","23747.52039","237880.49381400004","3494","57280.25000000001","18625.506186000002"
"1895","306645.15","4333.083333","23817.31564","237825.752436","3494","57280.25000000001","18680.247564"
"1896","306645.15","4333.083333","23890.04801","237768.707444","3494","57280.25000000001","18737.292556"
"1897","306645.15","4333.083333","23965.46442","237709.557318","3494","57280.25000000001","18796.442682"
"1898","306645.15","4333.083333","24043.31182","237648.50053199998","3494","57280.25000000001","18857.499468"
"1899","306645.15","4333.083333","24123.33716","237585.73556400003","3494","57280.25000000001","18920.264436"
"1900","305965.1499","4333.083333","24205.28737","237521.46089","3494","57280.25000000001","18984.53911"
"1901","305965.1499","4333.083333","24288.90939","237455.874986","3494","57280.25000000001","19050.125013999997"
"1902","305965.1499","4333.083333","24373.95018","237389.17633","3494","57280.25000000001","19116.823669999998"
"1903","305965.1499","4333.083333","24460.15667","237321.56339599998","3494","57280.25000000001","19184.436604000002"
"1904","305965.1499","4333.083333","24547.2758","237253.23466599995","3494","57280.25000000001","19252.765334000003"
"1905","305965.1499","4333.083333","24635.05452","237184.38861000002","3494","57280.25000000001","19321.611390000002"
"1906","305965.1499","4333.083333","24723.23977","237115.22371000002","3494","57280.25000000001","19390.77629"
"1907","305965.1499","4333.083333","24811.57849","237045.93844","3494","57280.25000000001","19460.061559999995"
"1908","305965.1499","4333.083333","24899.81762","236976.731278","3494","57280.25000000001","19529.268722"
"1909","305965.1499","4333.083333","24987.70411","236907.80070000002","3494","57280.25000000001","19598.1993"
"1910","305965.1499","4333.083333","25074.98489","236839.345182","3494","57280.25000000001","19666.654818000003"
"1911","305965.1499","4333.083333","25161.40692","236771.56320200005","3494","57280.25000000001","19734.436798000002"
"1912","267425.0002","4333.083333","25246.71712","207184.65323600004","3494","57280.25000000001","19801.346764"
"1913","267425.0002","4333.083333","25330.66246","207118.81376000002","3494","57280.25000000001","19867.186240000003"
"1914","267425.0002","4333.083333","25412.98985","207054.24325200001","3494","57280.25000000001","19931.756747999996"
"1915","267425.0002","4333.083333","25493.44626","206991.14018800002","3494","57280.25000000001","19994.859812000002"
"1916","267425.0002","4333.083333","25571.77862","206929.70304000002","3494","57280.25000000001","20056.29696"
"1917","267425.0002","4333.083333","25647.73387","206870.13030000002","3494","57280.25000000001","20115.869699999992"
"1918","267425.0002","4333.083333","25721.05896","206812.62042000002","3494","57280.25000000001","20173.37958"
"1919","267425.0002","4333.083333","25791.50082","206757.37189999994","3494","57280.25000000001","20228.6281"
"1920","267425.0002","4333.083333","25858.80641","206704.58322000003","3494","57280.25000000001","20281.41678"
"1921","267425.0002","4333.083333","25922.72265","206654.45282","3494","57280.25000000001","20331.54718"
"1922","267425.0002","4333.083333","25983.05962","206607.12972000003","3494","57280.25000000001","20378.870280000003"
"1923","267425.0002","4333.083333","26039.87978","206562.56488","3494","57280.25000000001","20423.435120000002"
"1924","267425.0002","4333.083333","26093.30875","206520.65980000002","3494","57280.25000000001","20465.3402"
"1925","267425.0002","4333.083333","26143.47213","206481.31598","3494","57280.25000000001","20504.68402"
"1926","267425.0002","4333.083333","26190.49551","206444.43490000002","3494","57280.25000000001","20541.5651"
"1927","261741.4008","4333.083333","26234.50449","206409.91804000002","3494","57280.25000000001","20576.08196"
"1928","261741.4008","4333.083333","26275.62468","206377.66692000002","3494","57280.25000000001","20608.33308"
"1929","261741.4008","4333.083333","26313.98167","206347.58300000004","3494","57280.25000000001","20638.417000000005"
"1930","261741.4008","4333.083333","26349.70106","206319.56780000002","3494","57280.25000000001","20666.432199999996"
"1931","261741.4008","4333.083333","26382.90846","206293.52278000003","3494","57280.25000000001","20692.477219999997"
"1932","261741.4008","4333.083333","26413.72946","206269.34944000002","3494","57280.25000000001","20716.650560000002"
"1933","261741.4008","4333.083333","26442.28966","206246.94928","3494","57280.25000000001","20739.050720000003"
"1934","261741.4008","4333.083333","26468.71467","206226.22380000004","3494","57280.25000000001","20759.7762"
"1935","261741.4008","4333.083333","26493.13007","206207.07445999997","3494","57280.25000000001","20778.925540000004"
"1936","261741.4008","4333.083333","26515.66149","206189.40276000003","3494","57280.25000000001","20796.59724"
"1937","267141.162","4333.083333","26536.4345","206173.1102","3494","57280.25000000001","20812.8898"
"1938","267141.162","4333.083333","26555.57471","207338.09825999997","3494","57280.25000000001","20827.90174"
"1939","267141.162","4333.083333","26573.20773","207324.26843999996","3494","57280.25000000001","20841.73156"
"1940","267141.162","4333.083333","26589.45915","207311.52224","3494","57280.25000000001","20854.47776"
"1941","267141.162","4333.083333","26604.45457","207299.76112","3494","57280.25000000001","20866.23888"
"1942","267141.162","4333.083333","26618.31959","207288.8866","3494","57280.25000000001","20877.1134"
"1943","267141.162","4333.083333","26631.17981","207278.80013999998","3494","57280.25000000001","20887.199860000004"
"1944","267141.162","4333.083333","26643.16084","207269.40326","3494","57280.25000000001","20896.596740000005"
"1945","267141.162","4333.083333","26654.38826","207260.59744","3494","57280.25000000001","20905.40256"
"1946","267141.162","4333.083333","26664.98769","170312.28415999998","3494","57280.25000000001","20913.71584"
"1947","267141.162","4333.083333","26675.08471","170304.36492000002","3494","57280.25000000001","20921.63508"
"1948","267141.162","4333.083333","26684.80494","170296.74122","3494","57280.25000000001","20929.25878"
"1949","215385.4185","4333.083333","26694.27397","318381.697626","6638.599999999999","57280.25000000001","39779.702374"
"1950","214754.37","4333.083333","26703.6174","318367.774084","6638.599999999999","57280.25000000001","39793.625916000005"
"1951","213908.9685","4333.083333","26712.93989","318353.88174000004","6638.599999999999","57280.25000000001","39807.518260000004"
"1952","212825.8815","4333.083333","27519.2685","317152.29400000005","6638.599999999999","57280.25000000001","41009.106"
"1953","212670.3315","4333.083333","27674.8185","316920.494","6638.599999999999","57280.25000000001","41240.906"
"1954","212459.7015","4333.083333","27885.4485","316606.614","6638.599999999999","57280.25000000001","41554.786"
"1955","212255.1915","4333.083333","28089.9585","316301.854","6638.599999999999","57280.25000000001","41859.546"
"1956","211829.8515","4333.083333","28515.2985","315668.01399999997","6638.599999999999","57280.25000000001","42493.386"
"1957","211828.5","4333.083333","28516.65","315666","6638.599999999999","57280.25000000001","42495.399999999994"
"1958","213085.4715","4333.083333","27259.6785","317539.13399999996","6638.599999999999","57280.25000000001","40622.266"
"1959","213677.4285","4333.083333","26667.7215","318421.266","6638.599999999999","57280.25000000001","39740.134000000005"
"1960","213605.5185","4333.083333","26739.6315","318314.10599999997","6638.599999999999","57280.25000000001","39847.29399999998"
"1961","213811.2819","4333.083333","26533.86812","318620.73377600004","6638.599999999999","57280.25000000001","39540.666224"
"1962","213356.0016","4333.083333","26989.14839","317942.27691200003","6638.599999999999","57280.25000000001","40219.12308799999"
"1963","212991.7774","4333.083333","27353.37261","317399.511398","6638.599999999999","57280.25000000001","40761.888602"
"1964","212354.385","4333.083333","27990.76503","316449.67172000004","6638.599999999999","57280.25000000001","41711.72828"
"1965","212098.3353","4333.083333","28246.81466","316068.107564","6638.599999999999","57280.25000000001","42093.29243599998"
"1966","211389.1908","4333.083333","28955.95923","315011.343106","6638.599999999999","57280.25000000001","43150.056894"
"1967","211250.0571","4333.083333","29095.09287","314804.006708","6638.599999999999","57280.25000000001","43357.393292"
"1968","211569.1175","4333.083333","28776.03246","315279.469282","6638.599999999999","57280.25000000001","42881.930717999996"
"1969","211499.5507","4333.083333","28845.59929","315175.80106400006","6638.599999999999","57280.25000000001","42985.598936"
"1970","210443.6647","4333.083333","29901.48531","313602.323854","6638.599999999999","57280.25000000001","44559.07614599999"
"1971","210072.8844","4333.083333","30272.26559","313049.7885399999","6638.599999999999","57280.25000000001","45111.611459999986"
"1972","210424.725","4333.083333","29920.42497","313574.100038","6638.599999999999","57280.25000000001","44587.299962000005"
"1973","209533.8326","4333.083333","30811.31743","312246.495596","6638.599999999999","57280.25000000001","45914.90440400001"
"1974","209157.5889","4333.083333","31187.56106","311685.81882","6638.599999999999","57280.25000000001","46475.58118"
"1975","208820.6815","4333.083333","31524.46846","311183.76073","6638.599999999999","57280.25000000001","46977.63927"
"1976","208755.4854","4333.083333","31589.66461","311086.605674","6638.599999999999","57280.25000000001","47074.79432599999"
"1977","208885.8777","4333.083333","31459.27233","311280.91574799997","6638.599999999999","57280.25000000001","46880.484252"
"1978","208083.3096","4333.083333","32261.84041","310084.931944","6638.599999999999","57280.25000000001","48076.468056000005"
"1979","207086.9742","4333.083333","33258.17579","308600.196856","6638.599999999999","57280.25000000001","49561.20314400001"
"1980","205830.2376","4333.083333","34514.91236","306727.41294999997","6638.599999999999","57280.25000000001","51433.987049999996"
"1981","205898.5776","4333.083333","34446.57236","605584.051875","13102.5","57280.25000000001","101313.44812500001"
"1982","206008.5591","4333.083333","34336.59086","605907.526875","13102.5","57280.25000000001","100989.97312499999"
"1983","206071.4676","4333.083333","34273.68236","606092.551875","13102.5","57280.25000000001","100804.94812500001"
"1984","206200.3191","4333.083333","34144.83086","606471.5268749999","13102.5","57280.25000000001","100425.973125"
"1985","206457.3591","4333.083333","33887.79086","607227.526875","13102.5","57280.25000000001","99669.97312499996"
"1986","206614.4391","4333.083333","33730.71086","607689.5268749999","13102.5","57280.25000000001","99207.97312499999"
"1987","206701.4706","4333.083333","33643.67936","607945.501875","13102.5","57280.25000000001","98951.99812500001"
"1988","206743.9791","4333.083333","33601.17086","608070.526875","13102.5","57280.25000000001","98826.97312499999"
"1989","206760.8091","4333.083333","33584.34086","608120.0268749999","13102.5","57280.25000000001","98777.473125"
"1990","206756.5506","4333.083333","33588.59936","608107.5018750001","13102.5","57280.25000000001","98789.99812499998"
"1991","206761.4976","4333.083333","33583.65236","608122.051875","13102.5","57280.25000000001","98775.448125"
"1992","206819.4591","4333.083333","33525.69086","608292.526875","13102.5","57280.25000000001","98604.973125"
"1993","206902.2576","4333.083333","33442.89236","608536.0518749999","13102.5","57280.25000000001","98361.448125"
"1994","206951.8806","4333.083333","33393.26936","608682.001875","13102.5","57280.25000000001","98215.49812500001"
"1995","206935.5096","4333.083333","33409.64036","608633.8518749997","13102.5","57280.25000000001","98263.648125"
"1996","207185.154","4333.083333","33159.996","609368.1","13102.5","57280.25000000001","97529.4"
"1997","207219.8595","4333.083333","33125.2905","609470.1749999999","13102.5","57280.25000000001","97427.325"
"1998","207286.4145","4333.083333","33058.7355","609665.925","13102.5","57280.25000000001","97231.575"
"1999","207397.7488","4333.083333","32947.4012","609993.378825","13102.5","57280.25000000001","96904.12117500001"
"2000","207643.1509","4333.083333","32701.99904","610715.149875","13102.5","57280.25000000001","96182.35012499997"
"2001","207803.1187","4333.083333","32542.03127","1222371.28665","26205","57280.25000000001","191423.71335"
"2002","208233.1023","4333.083333","32112.04767","1224900.6019499998","26205","57280.25000000001","188894.39805000002"
"2003","208880.1365","4333.083333","31465.01355","1228706.685","26205","57280.25000000001","185088.31500000003"
"2004","209121.8648","4333.083333","31223.28515","1230128.6167499998","26205","57280.25000000001","183666.38324999998"
"2005","209214.75","4333.083333","31130.4","1230675","26205","57280.25000000001","183120"
"2006","209291.25","4333.083333","31053.9","1231125","26205","57280.25000000001","182670.00000000003"
"2007","209301.45","4333.083333","31043.7","1231185","26205","57280.25000000001","182609.99999999997"
"2008","209307.57","4333.083333","31037.58","1231221","26205","57280.25000000001","182573.99999999997"
"2009","209306.55","4333.083333","31038.6","1231215","26205","57280.25000000001","182579.99999999997"
"2010","209306.55","4333.083333","31038.6","1231215","26205","57280.25000000001","182579.99999999997"
"2011","209307.57","4333.083333","31037.58","1231221","26205","57280.25000000001","182573.99999999997"
"2012","209306.55","4333.083333","31038.6","1231215","26205","57280.25000000001","182579.99999999997"