时间,牧草量,饲料量,出栏畜禽,蛋类,奶类,粪便堆存量,粪便排放量,粪便还田量
1600,66.30811408,5.978847384,3.503602223,1.226953516,0,3.77868885,8.908956338,76.4019182
1601,65.6990371,5.903560943,3.481143234,1.225910964,0,3.765243532,8.858583298,75.96200615
1602,65.34134163,5.872057951,3.458684245,1.224868832,0,3.751798214,8.808210258,75.5220941
1603,64.98364616,5.840555379,3.436225257,1.223827118,0,3.738352895,8.757837217,75.08218206
1604,64.62595068,5.809053226,3.413766268,1.222785823,0,3.724907577,8.707464177,74.64227001
1605,64.26825521,5.777551492,3.39130728,1.221744946,0,3.711462259,8.657091136,74.20235797
1606,63.91055974,5.746050176,3.368848291,1.220704489,0,3.69801694,8.606718096,73.76244592
1607,63.55286426,5.714549279,3.346389303,1.21966445,0,3.684571622,8.556345055,73.32253387
1608,63.19516878,5.683048801,3.323930314,1.21862483,0,3.671126304,8.505972013,72.88262182
1609,62.83747331,5.651548741,3.301471325,1.217585628,0,3.657680986,8.455598973,72.44270977
1610,62.47977783,5.620049101,3.279012337,1.216546845,0,3.644235667,8.405225933,72.00279773
1611,62.12208236,5.588549878,3.256553348,1.215508482,0,3.630790349,8.354852892,71.56288568
1612,61.76438689,5.557051075,3.234094359,1.214470537,0,3.617345031,8.304479852,71.12297363
1613,61.40669141,5.52555269,3.211635371,1.21343301,0,3.603899712,8.254106811,70.68306159
1614,61.04899594,5.494054725,3.189176382,1.212395903,0,3.590454394,8.20373377,70.24314954
1615,60.69130045,5.462557178,3.166717394,1.211359214,0,3.577009076,8.153360729,69.80323748
1616,60.33360498,5.43106005,3.144258405,1.210322944,0,3.563563758,8.102987688,69.36332544
1617,59.97590951,5.39956334,3.121799417,1.209287092,0,3.55011844,8.052614648,68.92341339
1618,59.61821404,5.36806705,3.099340428,1.20825166,0,3.536673122,8.002241608,68.48350135
1619,59.26051856,5.336571177,3.076881439,1.207216646,0,3.523227803,7.951868567,68.0435893
1620,58.90282309,5.305075724,3.05442245,1.206182051,0,3.509782485,7.901495526,67.60367725
1621,58.54512761,5.27358069,3.031963462,1.205147874,0,3.496337166,7.851122486,67.16376521
1622,58.18743214,5.242086074,3.009504473,1.204114117,0,3.482891848,7.800749445,66.72385316
1623,57.82973666,5.210591877,2.987045485,1.203080778,0,3.46944653,7.750376404,66.28394111
1624,57.47204118,5.179098099,2.964586496,1.202047858,0,3.456001212,7.700003364,65.84402906
1625,57.11434571,5.147604739,2.942127508,1.201015356,0,3.442555894,7.649630323,65.40411702
1626,56.75665023,5.116111798,2.919668519,1.199983274,0,3.429110575,7.599257282,64.96420497
1627,56.55219243,5.103557814,2.902859987,1.199211127,0,3.419047965,7.561557595,64.63497039
1628,56.28448957,5.07998869,2.886051455,1.198439214,0,3.408985354,7.523857908,64.30573582
1629,56.01678669,5.056419802,2.869242924,1.197667537,0,3.398922743,7.48615822,63.97650124
1630,55.74908383,5.032851147,2.852434392,1.196896093,0,3.388860132,7.448458533,63.64726667
1631,55.48138095,5.009282728,2.835625861,1.196124884,0,3.378797522,7.410758846,63.31803209
1632,55.21367808,4.985714543,2.818817329,1.19535391,0,3.368734912,7.373059158,62.98879751
1633,54.94597522,4.962146592,2.802008797,1.194583171,0,3.358672301,7.335359471,62.65956294
1634,54.67827234,4.938578876,2.785200266,1.193812665,0,3.34860969,7.297659784,62.33032836
1635,54.41056948,4.915011395,2.768391734,1.193042395,0,3.338547079,7.259960097,62.00109379
1636,54.1428666,4.891444148,2.751583202,1.192272359,0,3.328484469,7.222260409,61.67185921
1637,53.87516373,4.867877136,2.734774671,1.191502557,0,3.318421858,7.184560722,61.34262464
1638,53.60746087,4.844310358,2.717966139,1.19073299,0,3.308359247,7.146861035,61.01339007
1639,53.33975799,4.820743815,2.701157607,1.189963658,0,3.298296637,7.109161347,60.68415549
1640,53.07205512,4.797177506,2.684349076,1.18919456,0,3.288234026,7.071461659,60.35492091
1641,52.80435225,4.773611432,2.667540544,1.188425697,0,3.278171415,7.033761973,60.02568634
1642,52.53664938,4.750045593,2.650732012,1.187657068,0,3.268108805,6.996062285,59.69645176
1643,52.26894652,4.726479988,2.633923481,1.186888674,0,3.258046194,6.958362598,59.36721719
1644,52.00124364,4.702914617,2.617114949,1.186120515,0,3.247983583,6.92066291,59.03798261
1645,51.73354077,4.679349481,2.600306417,1.185352589,0,3.237920973,6.882963223,58.70874803
1646,51.4658379,4.65578458,2.583497886,1.184584899,0,3.227858362,6.845263536,58.37951346
1647,51.79607605,4.706113125,2.588737718,1.184824191,0,3.230995245,6.857015902,58.48214787
1648,51.87952879,4.713459161,2.593977549,1.185063506,0,3.234132127,6.868768268,58.58478229
1649,51.96298153,4.72080522,2.599217381,1.185302843,0,3.23726901,6.880520635,58.6874167
1650,52.04643427,4.728151301,2.604457213,1.185542204,0,3.240405892,6.892273,58.79005111
1651,52.12988701,4.735497406,2.609697044,1.185781587,0,3.243542774,6.904025367,58.89268553
1652,52.21333974,4.742843533,2.614936876,1.186020993,0,3.246679656,6.915777733,58.99531994
1653,52.29679248,4.750189683,2.620176708,1.186260421,0,3.249816539,6.927530099,59.09795435
1654,52.38024523,4.757535856,2.62541654,1.186499873,0,3.252953421,6.939282466,59.20058877
1655,52.46369796,4.764882052,2.630656372,1.186739347,0,3.256090304,6.951034832,59.30322318
1656,52.54715069,4.77222827,2.635896203,1.186978844,0,3.259227186,6.962787197,59.40585759
1657,52.63060344,4.779574511,2.641136035,1.187218364,0,3.262364068,6.974539564,59.50849201
1658,52.71405618,4.786920775,2.646375867,1.187457907,0,3.265500951,6.98629193,59.61112642
1659,52.79750891,4.794267061,2.651615699,1.187697472,0,3.268637833,6.998044296,59.71376083
1660,52.88096166,4.801613371,2.656855531,1.18793706,0,3.271774716,7.009796663,59.81639525
1661,52.9644144,4.808959703,2.662095362,1.188176671,0,3.274911598,7.021549029,59.91902966
1662,53.39113886,4.858728391,2.67999293,1.188995277,0,3.285626172,7.061691305,60.26959557
1663,53.65084878,4.880690222,2.696956204,1.189771395,0,3.295781421,7.099738063,60.60186114
1664,53.67951714,4.874628378,2.705014489,1.190140168,0,3.300605601,7.117811909,60.75970158
1665,53.78172888,4.882697397,2.712109284,1.190464894,0,3.304852977,7.133724753,60.8986698
1666,54.0166621,4.907714217,2.723700368,1.190995502,0,3.311792106,7.15972228,61.12570841
1667,54.07853972,4.90879842,2.730765966,1.191319,0,3.316022003,7.175569637,61.26410473
1668,54.16019051,4.914888638,2.736692893,1.191590397,0,3.319570223,7.188863083,61.38019752
1669,54.33376636,4.932984107,2.745539488,1.19199554,0,3.324866333,7.208705024,61.55347888
1670,54.417653,4.938342327,2.752283923,1.192304456,0,3.328903963,7.223832049,61.68558447
1671,54.53852955,4.949462204,2.759524701,1.192636147,0,3.333238733,7.240072316,61.82741211
1672,54.70294218,4.965681518,2.768575673,1.193050823,0,3.338657197,7.260372652,62.00469667
1673,54.86055405,4.980035523,2.778122989,1.193488312,0,3.344372801,7.281786231,62.19170328
1674,55.0126104,4.993421999,2.787670305,1.193925878,0,3.350088406,7.303199811,62.37870989
1675,55.16466675,5.006808551,2.797217621,1.194363519,0,3.355804011,7.32461339,62.5657165
1676,54.81551365,4.958252627,2.788283436,1.193953981,0,3.350455463,7.304574995,62.39071949
1677,54.67243059,4.945627971,2.779320053,1.193543171,0,3.345089437,7.284471114,62.21515059
1678,54.52967432,4.933060299,2.770356671,1.193132428,0,3.33972341,7.264367233,62.03958169
1679,54.38770986,4.920590549,2.761422485,1.19272309,0,3.334374863,7.244328839,61.86458468
1680,54.2446268,4.907966094,2.752459103,1.19231248,0,3.329008836,7.224224958,61.68901578
1681,54.10266234,4.895496476,2.743524917,1.191903274,0,3.323660289,7.204186563,61.51401877
1682,55.3476048,5.054411311,2.785743324,1.193837556,0,3.348934797,7.298877804,62.34096544
1683,56.64473101,5.19081621,2.850997915,1.196830176,0,3.38800017,7.445236674,63.61912989
1684,57.68005621,5.281827096,2.916106523,1.199819624,0,3.426978148,7.591268118,64.89443492
1685,57.28069007,5.195609246,2.928252344,1.200377686,0,3.434249376,7.618509859,65.13233936
1686,57.15107735,5.172714252,2.928485918,1.20038842,0,3.434389207,7.619033738,65.13691444
1687,57.16429899,5.174216083,2.929069851,1.200415253,0,3.434738785,7.620343438,65.14835215
1688,57.18547606,5.17650278,2.930091736,1.200462211,0,3.435350547,7.62263541,65.16836815
1689,57.20175121,5.177935709,2.93111362,1.200509171,0,3.435962309,7.624927384,65.18838415
1690,57.19348055,5.176335015,2.931230406,1.200514538,0,3.436032225,7.625189324,65.19067169
1691,57.19534057,5.176498779,2.931347193,1.200519904,0,3.436102141,7.625451264,65.19295924
1692,57.19640879,5.176564683,2.931434783,1.20052393,0,3.436154578,7.625647719,65.19467489
1693,57.20493,5.177568235,2.931785143,1.20054003,0,3.436364324,7.626433538,65.20153752
1694,57.21051005,5.178059525,2.932135503,1.200556131,0,3.436574071,7.627219358,65.20840015
1695,57.28418491,5.186966675,2.934996779,1.200687625,0,3.438287005,7.633636883,65.26444494
1696,57.32975531,5.190978889,2.937858054,1.200819125,0,3.439999938,7.640054408,65.32048974
1697,57.2993129,5.185596648,2.937916447,1.200821809,0,3.440034896,7.640185378,65.32163351
1698,57.29865931,5.185482813,2.937916447,1.200821809,0,3.440034896,7.640185378,65.32163351
1699,57.29945111,5.185580672,2.937945644,1.200823151,0,3.440052375,7.640250863,65.32220539
1700,57.29912431,5.185523754,2.937945644,1.200823151,0,3.440052375,7.640250863,65.32220539
1701,57.29991611,5.185621612,2.93797484,1.200824493,0,3.440069854,7.640316348,65.32277727
1702,57.30038111,5.185662553,2.938004037,1.200825835,0,3.440087333,7.640381832,65.32334916
1703,57.30084612,5.185703494,2.938033234,1.200827176,0,3.440104812,7.640447317,65.32392105
1704,57.30368653,5.186038012,2.938150021,1.200832544,0,3.440174728,7.640709258,65.32620859
1705,57.30317115,5.185908199,2.938179217,1.200833886,0,3.440192207,7.640774743,65.32678048
1706,58.84527088,5.37648184,2.99505436,1.203449218,0,3.47424113,7.76833943,66.44081374
1707,59.78197912,5.460055542,3.053068173,1.206119678,0,3.508971732,7.898458032,67.57715056
1708,60.7352389,5.545033174,3.112162264,1.208842737,0,3.544349054,8.030999577,68.73464714
1709,61.24487619,5.574571646,3.155344162,1.210834394,0,3.570200367,8.127851822,69.58046603
1710,63.41882602,5.818826266,3.253328237,1.215359407,0,3.628859602,8.347619324,71.49971431
1711,65.06093524,5.966334386,3.354319571,1.220031639,0,3.689319164,8.574131775,73.47786681
1712,66.8800033,6.134022265,3.463077224,1.22507264,0,3.754428118,8.818063224,75.6081409
1713,65.88755959,5.949798516,3.471369082,1.225457377,0,3.759392129,8.836660951,75.77055643
1714,66.01962076,5.961429459,3.479660941,1.22584217,0,3.764356141,8.855258678,75.93297196
1715,66.13505413,5.971005141,3.487339669,1.226198562,0,3.768953095,8.87248122,76.08337788
1716,66.52735404,6.015150691,3.504974467,1.227017229,0,3.779510359,8.912034132,76.42879683
1717,66.37193469,5.985959508,3.506521891,1.227089078,0,3.780436742,8.915504835,76.45910677
1718,66.51059911,6.002223796,3.512273638,1.227356157,0,3.783880087,8.928405369,76.57176824
1719,66.62754252,6.013423864,3.518959679,1.227666653,0,3.787882759,8.943401424,76.70273006
1720,66.58675365,6.004598196,3.520215137,1.22772496,0,3.788634352,8.946217277,76.72732114
1721,67.93143035,6.170101916,3.570316648,1.230052884,0,3.818628168,9.058589456,77.70867694
1722,68.81014103,6.250367309,3.623396222,1.232521454,0,3.850404833,9.177641101,78.74836507
1723,68.10992477,6.133775175,3.619483866,1.232339422,0,3.848062659,9.168866117,78.67173239
1724,69.59162436,6.319145172,3.672505047,1.23480744,0,3.879804366,9.287786792,79.71027676
1725,68.99974651,6.215977944,3.67256344,1.234810159,0,3.879839324,9.287917761,79.71142053
1726,70.05852141,6.34682382,3.711628605,1.23663005,0,3.903226111,9.375536627,80.47660354
1727,70.07180266,6.326360136,3.728241519,1.237404364,0,3.913171612,9.412797566,80.80200648
1728,69.90010817,6.295735633,3.728767059,1.237428863,0,3.913486233,9.413976296,80.81230043
1729,70.4532367,6.363813226,3.749379918,1.238389938,0,3.925826346,9.460208672,81.2160517
1730,70.74748219,6.38852283,3.768737321,1.239292799,0,3.937414866,9.503625195,81.59521189
1731,71.05973893,6.416169612,3.788240707,1.240202783,0,3.94909078,9.547369144,81.97723152
1732,71.37194527,6.443727882,3.807802486,1.241115809,0,3.960801653,9.591244062,82.36039491
1733,71.68745704,6.471662036,3.827510248,1.24203597,0,3.972599919,9.635446406,82.74641773
1734,72.00291841,6.499507684,3.847276404,1.242959181,0,3.984433144,9.679779719,83.13358433
1735,74.92964841,6.850126623,3.963354082,1.248387327,0,4.053924311,9.940129181,85.40723832
1736,76.77837192,7.013000725,4.079431761,1.253826659,0,4.123415478,10.20047864,87.68089232
1737,78.62709543,7.175886012,4.195509439,1.259277177,0,4.192906645,10.46082811,89.9545463
1738,80.47581895,7.338782485,4.311587118,1.26473888,0,4.262397813,10.72117757,92.2282003
1739,82.32454246,7.501690146,4.427664796,1.27021177,0,4.331888979,10.98152703,94.5018543
1740,84.17326597,7.664608991,4.543742475,1.275695846,0,4.401380146,11.24187649,96.77550829
1741,86.02198948,7.827539022,4.659820153,1.281191108,0,4.470871314,11.50222596,99.04916229
1742,88.17103145,8.027613683,4.786971717,1.287223458,0,4.546991983,11.78741292,101.5397243
1743,90.52788861,8.247136629,4.926356692,1.29385161,0,4.630436317,12.10003809,104.2699065
1744,90.8807537,8.211956074,4.996895883,1.297212096,0,4.672665373,12.25824974,105.6515822
1745,92.62022411,8.387166776,5.090150096,1.301661066,0,4.728493024,12.46740868,107.4781851
1746,93.17666577,8.403250654,5.149156596,1.304479875,0,4.763817908,12.59975377,108.633966
1747,94.79184455,8.569623034,5.23306787,1.308493393,0,4.814052306,12.78795752,110.2775654
1748,96.12905818,8.687548172,5.31700834,1.312514156,0,4.864304183,12.97622676,111.9217366
1749,95.59729685,8.574336233,5.332044633,1.313235015,0,4.873305824,13.00995151,112.2162578
1750,96.1519104,8.634421978,5.358701206,1.314513426,0,4.889264072,13.06973927,112.7383894
1751,98.66126875,8.929676194,5.462232652,1.31948424,0,4.9512443,13.30194891,114.7662959
1752,98.644226,8.869046725,5.504334272,1.321508194,0,4.976448894,13.39637822,115.5909551
1753,99.13423152,8.905847841,5.539779047,1.323213273,0,4.997668295,13.47587695,116.2852243
1754,99.62590091,8.946618389,5.572537729,1.324790065,0,5.017279636,13.54935107,116.92688
1755,100.5411602,9.041294391,5.619807162,1.327066881,0,5.045577998,13.6553712,117.8527628
1756,101.130891,9.087511477,5.661062078,1.329055513,0,5.070275703,13.74790144,118.6608373
1757,103.9606412,9.414166513,5.782432699,1.334914197,0,5.142935547,14.02012239,121.038166
1758,103.7740146,9.322492673,5.825643793,1.337002993,0,5.16880434,14.11704012,121.8845568
1759,106.1701334,9.594426315,5.931832137,1.342142653,0,5.232375149,14.35520889,123.9645049
1760,106.9832471,9.634988862,6.005641355,1.345720634,0,5.276561843,14.52075486,125.4102319
1761,107.6100601,9.670809089,6.059217272,1.348320617,0,5.30863565,14.64091975,126.4596421
1762,109.2733541,9.846264616,6.142661398,1.352374819,0,5.358590386,14.82807574,128.0940913
1763,111.5311173,10.07838138,6.260353239,1.358102799,0,5.429047887,15.09204558,130.3993624
1764,112.3572056,10.11406989,6.339388668,1.361955854,0,5.476363306,15.26931335,131.9474569
1765,111.971403,10.02169623,6.357782576,1.362853319,0,5.487375022,15.31056887,132.3077448
1766,112.8487041,10.11982301,6.397723642,1.364803067,0,5.511286175,15.40015229,133.0900844
1767,114.0873896,10.25048108,6.459883387,1.367840068,0,5.548498783,15.53956975,134.307629
1768,117.7885068,10.6731984,6.622012577,1.375776473,0,5.645559191,15.9032077,137.4833101
1769,120.5472461,10.92289387,6.790652633,1.384054745,0,5.746517397,16.28144878,140.7865216
1770,123.3471291,11.17402597,6.963497008,1.392563902,0,5.849992567,16.6691197,144.1720848
1771,126.2171398,11.43148488,7.140662493,1.401311527,0,5.956054615,17.0664824,147.642287
1772,129.156763,11.69514281,7.322178284,1.410300976,0,6.064721022,17.47360235,151.1977001
1773,132.1704226,11.96553261,7.508219561,1.41954293,0,6.17609666,17.89087247,154.8417556
1774,135.2585333,12.2426088,7.698873917,1.42904386,0,6.290233968,18.31848921,158.5761689
1775,138.632317,12.55246122,7.901966059,1.439197799,0,6.411817291,18.77400254,162.5542056
1776,139.3378762,12.525143,8.011803989,1.444703601,0,6.477572965,19.02035693,164.7056394
1777,140.2352449,12.57419969,8.090226287,1.448640773,0,6.524521327,19.19624952,166.2417244
1778,141.0495477,12.63071114,8.1526196,1.45177686,0,6.561873766,19.33619086,167.463844
1779,142.0440532,12.71857176,8.215042116,1.45491765,0,6.599243683,19.47619769,168.6865355
1780,143.3794979,12.84861174,8.290048398,1.458695871,0,6.644147013,19.64442854,170.1557098
1781,144.3721844,12.92913721,8.35760953,1.462103062,0,6.684593219,19.79596072,171.4790532
1782,145.2415442,12.99860467,8.417550325,1.465129123,0,6.720477429,19.93040133,172.6531345
1783,146.3616838,13.10341129,8.483593226,1.468466697,0,6.760014732,20.07852829,173.9467399
1784,147.4752835,13.20396929,8.551913469,1.47192317,0,6.800915391,20.23176308,175.2849523
1785,148.770053,13.32566873,8.627854049,1.475769721,0,6.846378045,20.40208944,176.7724269
1786,149.6366793,13.390084,8.691152462,1.478979578,0,6.88427233,20.54406082,178.0122751
1787,150.9710299,13.51952409,8.766479907,1.48280376,0,6.929367928,20.713012,179.4877401
1788,151.2482934,13.51134681,8.807793219,1.484903132,0,6.954100591,20.8056732,180.2969582
1789,153.7392914,13.79635736,8.916696852,1.490443955,0,7.019296938,21.04993208,182.4300918
1790,154.6439502,13.84690232,8.995002362,1.494434085,0,7.066175386,21.22556272,183.9638891
1791,155.9211797,13.96082666,9.074417348,1.498485949,0,7.113718031,21.4036818,185.5194182
1792,157.2604201,14.08180626,9.156576821,1.50268335,0,7.162903694,21.58795646,187.1287044
1793,158.5420205,14.19410878,9.237743606,1.50683554,0,7.211495075,21.77000462,188.7185465
1794,159.6399491,14.28424066,9.311728002,1.51062507,0,7.255786641,21.93594349,190.1677048
1795,145.4193417,12.48231272,8.817895268,1.485416692,0,6.960148294,20.828331,180.4948307
1796,147.4580974,13.01323522,8.689254674,1.478883293,0,6.883136201,20.53980429,177.9751024
1797,145.6444538,12.86134647,8.569285496,1.472802678,0,6.811315344,20.27072662,175.6252242
1798,148.6793352,13.30464015,8.631678814,1.47596358,0,6.848667782,20.41066797,176.8473439
1799,149.831409,13.4120273,8.699911468,1.479424008,0,6.889516004,20.5637063,178.1838407
1800,150.63941,13.47353868,8.757866886,1.48236626,0,6.924211648,20.69369393,179.3190337
1801,151.812652,13.58605644,8.82504846,1.485780391,0,6.964430628,20.84437481,180.6349427
1802,152.8691659,13.67892583,8.891733689,1.489173004,0,7.004352468,20.99394244,181.9411295
1803,154.134728,13.79795379,8.965922466,1.492951698,0,7.048766387,21.16033971,183.394291
1804,161.8795341,14.71476143,9.282122564,1.509108114,0,7.238063023,21.86954174,189.5878127
1805,167.2172046,15.19720509,9.609446602,1.52592035,0,7.434019126,22.60369356,195.9992229
1806,172.7439186,15.69687133,9.94833253,1.543420151,0,7.636896878,23.3637774,202.6370997
1807,171.2786902,15.32443269,10.03417078,1.547867903,0,7.688284885,23.55630316,204.3184436
1808,179.9944988,16.35518288,10.39098347,1.566421895,0,7.901894689,24.35659478,211.3074583
1809,178.0989955,15.91939612,10.46835469,1.570459084,0,7.948213809,24.5301299,212.8229552
1810,179.5299983,16.05298483,10.55305427,1.574884362,0,7.998920139,24.72010174,214.4819956
1811,180.8789752,16.1722931,10.63775385,1.579315596,0,8.049626467,24.91007359,216.1410359
1812,182.2041982,16.2886659,10.72157754,1.583706869,0,8.099808429,25.09808089,217.7829196
1813,164.8962923,14.09836965,10.11796527,1.552215657,0,7.738449366,23.74424498,205.9597554
1814,157.948788,13.57854055,9.612658237,1.526085749,0,7.435941807,22.61089689,196.0621302
1815,171.1995919,15.50386667,9.89271284,1.540541454,0,7.603599548,23.23902856,201.5476575
1816,175.756511,15.91018239,10.17632944,1.55524738,0,7.773389714,23.87514939,207.1029548
1817,177.3169795,15.94353978,10.35092562,1.56433365,0,7.87791362,24.26674941,210.5228311
1818,183.8049121,16.64849844,10.66222068,1.580596737,0,8.064273796,24.96494998,216.6202761
1819,190.6908192,17.32581062,11.04460967,1.600684114,0,8.293195131,25.82260641,224.1102626
1820,188.2010325,16.80206148,11.11062337,1.604164184,0,8.332714955,25.97066789,225.4032961
1821,188.4962377,16.8014331,11.14875424,1.606175992,0,8.355542416,26.05619124,226.1501787
1822,189.4796382,16.90174061,11.20075354,1.608921453,0,8.386672362,26.17281994,227.1687071
1823,191.0964433,17.07268292,11.28183273,1.613206754,0,8.435211304,26.35467165,228.7568335
1824,189.7376049,16.85872704,11.26519062,1.612326719,0,8.425248323,26.31734522,228.4308587
1825,191.2263897,17.0524812,11.31321917,1.614867095,0,8.454001136,26.42506797,229.3716106
1826,191.0134484,16.99905664,11.32518981,1.615500557,0,8.461167493,26.4519168,229.6060837
1827,193.6333428,17.31678501,11.42673588,1.620878952,0,8.521959155,26.67967347,231.5951021
1828,194.7858405,17.40233239,11.51114349,1.625356123,0,8.572490693,26.86899047,233.2484236
1829,197.0787438,17.63878343,11.63052874,1.631698686,0,8.643961972,27.13675844,235.586864
1830,197.6142905,17.63788456,11.69954971,1.63537095,0,8.685282123,27.29156487,236.9388017
1831,198.1450478,17.66475687,11.74760745,1.637930202,0,8.714052416,27.3993531,237.8801255
1832,198.5232544,17.68454026,11.78138801,1.639730288,0,8.73427552,27.4751192,238.5417973
1833,199.5323852,17.79051169,11.8325406,1.642457892,0,8.764898577,27.58984884,239.5437409
1834,200.360533,17.86428641,11.88418954,1.645214166,0,8.795818775,27.70569171,240.5554066
1835,201.3509868,17.95788807,11.94202818,1.648303386,0,8.830444502,27.8354174,241.6883121
1836,202.078169,18.01539669,11.99271362,1.65101283,0,8.860787897,27.94909929,242.6811057
1837,203.2686474,18.13432296,12.05753026,1.654480778,0,8.899591086,28.09447588,243.9506918
1838,204.23207,18.21717134,12.11980679,1.657816107,0,8.936873609,28.23415529,245.170524
1839,204.9507527,18.27113621,12.17201047,1.660614448,0,8.968125907,28.35124238,246.1930556
1840,205.9365811,18.36386642,12.22990749,1.663720622,0,9.002786593,28.48109904,247.3271048
1841,207.428854,18.46443394,12.29122053,1.667013098,0,9.094482188,28.65298611,248.7823928
1842,208.0744358,18.46731771,12.327658,1.668971249,0,9.171285751,28.76908001,249.7504343
1843,208.9382708,18.51124201,12.36187651,1.670811157,0,9.246760916,28.88019704,250.6750125
1844,210.6409129,18.66032809,12.42610922,1.674267533,0,9.340204404,29.05863261,252.1874891
1845,211.8587502,18.73246495,12.48485295,1.677431545,0,9.430361857,29.22475701,253.5924513
1846,212.9361163,18.79029187,12.53615152,1.680196896,0,9.516062186,29.37418276,254.8515826
1847,214.3034751,18.8882373,12.59507043,1.68337573,0,9.606324512,29.54070006,256.259976
1848,215.4382653,18.95308448,12.64855876,1.686264065,0,9.69333576,29.69503717,257.5619988
1849,216.3931324,18.99869974,12.6931713,1.688674931,0,9.775033419,29.82946685,258.6901682
1850,217.4663486,19.06397402,12.73848455,1.691125355,0,9.857150571,29.96546817,259.832063
1851,218.8809056,19.17114508,12.79667355,1.694274565,0,9.946975926,30.13034836,261.2261593
1852,219.6461771,19.19063092,12.83623505,1.696417253,0,10.02564973,30.25344914,262.2553925
1853,215.6799038,18.63440074,12.69363844,1.688700184,0,9.995272592,29.96798931,259.7166312
1854,216.7692686,18.80703391,12.6622812,1.687005452,0,10.03149012,29.93202713,259.3567541
1855,214.8288236,18.54170874,12.56511463,1.681759174,0,10.02831017,29.74846189,257.7078468
1856,212.7183655,18.29237194,12.43451786,1.674720258,0,10.00511687,29.48991636,255.4041304
1857,213.072441,18.36716972,12.38100034,1.671839856,0,10.0280679,29.40425112,254.6101922
1858,212.992139,18.34477143,12.34327822,1.669811018,0,10.06047502,29.35401323,254.1256441
1859,213.7818002,18.42125202,12.34415412,1.669858113,0,10.11598926,29.39034646,254.3971289
1860,210.2944559,17.9461852,12.20325092,1.662290152,0,10.0866259,29.10868475,251.8915368
1861,207.9704197,17.69505564,12.04672749,1.653902545,0,10.04791133,28.79198859,249.079986
1862,205.5266697,17.43791332,11.87934289,1.644955428,0,10.00269459,28.45093203,246.0556937
1863,200.5194939,16.86941099,11.61295234,1.630764165,0,9.89820686,27.887816,241.0921371
1864,195.3243063,16.33344854,11.29876681,1.614102464,0,9.765106148,27.2175011,235.1924037
1865,185.5775601,15.26085858,10.79702177,1.587664155,0,9.519720891,26.12651085,225.6188768
1866,184.2289206,15.33402731,10.52753637,1.573550508,0,9.413380396,25.55645341,220.5947003
1867,186.9919168,15.78545576,10.50552207,1.572400226,0,9.455191173,25.54144643,220.4178267
1868,186.9715298,15.75278144,10.48301142,1.571224425,0,9.496704809,25.52532621,220.2312311
1869,187.3035068,15.76401728,10.47328893,1.570716719,0,9.545874209,25.53788839,220.2951213
1870,186.9808443,15.68698859,10.44470537,1.569224548,0,9.583752231,25.5081473,219.9895734
1871,187.7648179,15.75761348,10.44914327,1.569456179,0,9.641398902,25.55246968,220.3308282
1872,188.3597157,15.78621758,10.46023801,1.570035327,0,9.70303077,25.61172264,220.802473
1873,189.1976159,15.84115921,10.48304062,1.57122595,0,9.771671677,25.69723507,221.5034439
1874,189.7880762,15.85886495,10.50155132,1.572192791,0,9.837743187,25.7731212,222.1203476
1875,191.363275,16.00092294,10.5546017,1.574965266,0,9.924492253,25.92647603,223.413792
1876,192.0316616,16.01123404,10.58846985,1.576736477,0,9.999757669,26.03680725,224.3315076
1877,193.0913245,16.08080527,10.62884886,1.578849433,0,10.07892088,26.16174161,225.3767536
1878,193.5666091,16.07434738,10.65036682,1.579975979,0,10.14679272,26.24437269,226.0525615
1879,194.8064721,16.17319346,10.69229326,1.58217209,0,10.22688232,26.37277777,227.1281176
1880,195.3198625,16.17058337,10.71585499,1.583406896,0,10.29597768,26.45999279,227.8439575
1881,196.5075532,16.26181968,10.75670115,1.585548624,0,10.37542056,26.58597491,228.8983536
1882,195.9514362,16.1273825,10.7403802,1.584692685,0,10.42063972,26.5837375,228.8329978
1883,196.8729101,16.2081257,10.75494935,1.585456742,0,10.48435158,26.65078316,229.3726969
1884,198.5785326,16.3685662,10.81118217,1.588407439,0,10.57300585,26.81127586,230.7284769
1885,199.7608077,16.44072773,10.86531282,1.591250309,0,10.66040163,26.96705364,232.0430811
1886,201.0489592,16.52718725,10.92247993,1.59425529,0,10.74961522,27.12964184,233.4171614
1887,201.824085,16.54840756,10.96198305,1.596333352,0,10.82825407,27.25261166,234.4452509
1888,203.3495987,16.67250665,11.02186544,1.599485936,0,10.9190932,27.42128997,235.8725165
1889,204.2416073,16.70667525,11.06679914,1.601853481,0,11.00098313,27.55643998,237.0069767
1890,205.3436926,16.7752826,11.11330947,1.604305864,0,11.08381692,27.69512619,238.1723188
1891,206.4930585,16.84885894,11.16221391,1.606886421,0,11.16808397,27.83918216,239.3845555
1892,207.6765957,16.92532058,11.2133665,1.609587731,0,11.25369691,27.98828047,240.6408273
1893,209.0155001,17.01975959,11.27117594,1.612643196,0,11.34329504,28.15230936,242.0274892
1894,210.4841794,17.12652418,11.33651812,1.616100138,0,11.43740272,28.33323335,243.5616974
1895,211.1179189,17.12564305,11.37418185,1.618094355,0,11.5149404,28.45207762,244.5537582
1896,212.8010021,17.27031369,11.43911527,1.621535212,0,11.60880338,28.63208482,246.07996
1897,214.3760162,17.38624508,11.51131868,1.625365421,0,11.70701861,28.82839778,247.7485614
1898,215.624992,17.4577051,11.5745003,1.628720598,0,11.79983286,29.0044759,249.2404502
1899,216.6740636,17.5094896,11.62658719,1.631489095,0,11.88600512,29.15566972,250.5150224
1900,217.8473177,17.58290518,11.67867408,1.634259844,0,11.97217738,29.30686356,251.7895946
1901,219.8701123,17.76154719,11.76208676,1.638701654,0,12.07710317,29.5283177,253.6777561
1902,221.5422801,17.8791264,11.84549944,1.643149239,0,12.18202896,29.74977185,255.5659177
1903,223.2144478,17.99671139,11.92891213,1.6476026,0,12.28695475,29.97122599,257.4540792
1904,224.8866156,18.11430215,12.01232481,1.652061738,0,12.39188054,30.19268014,259.3422408
1905,226.5587833,18.23189869,12.09573749,1.656526652,0,12.49680633,30.41413429,261.2304023
1906,228.230951,18.34950101,12.17915018,1.660997342,0,12.60173212,30.63558843,263.1185637
1907,229.9031187,18.4671091,12.26256286,1.665473808,0,12.70665791,30.85704258,265.0067253
1908,231.5752864,18.58472297,12.34597555,1.669956052,0,12.8115837,31.07849673,266.8948868
1909,233.2474542,18.70234262,12.42938823,1.674444069,0,12.91650949,31.29995088,268.7830484
1910,234.9196219,18.81996804,12.51280091,1.678937865,0,13.02143528,31.52140502,270.6712099
1911,236.5917897,18.93759924,12.5962136,1.683437436,0,13.12636107,31.74285917,272.5593715
1912,238.2639574,19.05523621,12.67962628,1.687942782,0,13.23128686,31.96431332,274.447533
1913,247.0682456,20.27274838,13.29567339,1.698397123,0,13.49192727,32.80039234,281.7116037
1914,252.9923774,20.96510264,13.92615463,1.708882432,0,13.75256769,33.63947285,289.002688
1915,258.916509,21.67192199,14.57106997,1.719398711,0,14.0132081,34.48155485,296.3207856
1916,259.7167855,21.69659215,15.05856327,1.739007189,0,14.23087315,34.91128933,299.9707308
1917,262.5617196,22.36237997,15.55067129,1.758722439,0,14.44853819,35.3419834,303.6293124
1918,265.4066536,23.03288928,16.04739403,1.778544459,0,14.66620323,35.77363708,307.2965305
1919,268.2515876,23.70812007,16.54873148,1.798473249,0,14.88386828,36.20625037,310.972385
1920,271.0965216,24.38807236,17.05468366,1.818508808,0,15.10153332,36.63982326,314.656876
1921,281.3257103,24.89315568,17.63164586,1.823943311,0,15.61778905,37.54331935,322.2720851
1922,288.6323424,25.47988181,18.21630375,1.829385617,0,16.13404479,38.44841572,329.9016967
1923,295.9389745,26.07431143,18.80865734,1.834835725,0,16.65030052,39.35511236,337.5457107
1924,303.2456066,26.67644455,19.40870662,1.840293636,0,17.16655625,40.26340928,345.2041273
1925,310.5522387,27.28628118,20.01645161,1.845759349,0,17.68281198,41.17330648,352.8769463
1926,318.0526512,28.01008733,20.68250894,1.853513201,0,18.1583391,42.12631782,360.9785213
1927,325.4115726,28.71914467,21.3588302,1.8612827,0,18.63386622,43.08146348,369.0993051
1928,332.770494,29.43848159,22.04541539,1.869067848,0,19.10939334,44.03874347,377.2392979
1929,340.1294154,30.16809808,22.74226451,1.876868645,0,19.58492046,44.99815779,385.3984996
1930,347.4883369,30.90799415,23.44937756,1.88468509,0,20.06044757,45.95970642,393.5769102
1931,359.5888222,30.96621588,24.01374305,1.889662119,0,20.73321823,47.11729857,403.3224689
1932,369.8017371,31.53091487,24.58186419,1.89464547,0,21.40598888,48.27567168,413.0750563
1933,380.0146519,32.09937584,25.15374096,1.899635147,0,22.07875954,49.43482576,422.8346723
1934,390.2275668,32.67159877,25.72937339,1.904631146,0,22.7515302,50.5947608,432.601317
1935,400.4404816,33.24758367,26.27951573,1.909633469,0,23.42430085,51.75547681,442.3749904
1936,376.4491622,32.81600344,25.98270443,1.88185529,0,22.19968749,50.41523143,431.5373954
1937,365.8260096,32.24906711,25.63195461,1.854273248,0,20.97507412,49.06985133,420.6535878
1938,354.9358416,31.36653479,25.29152941,1.810398099,0,20.16377015,47.75192369,409.603543
1939,344.4745175,30.62751064,24.92857033,1.767028569,0,19.35246617,46.42931027,398.5113262
1940,334.0131932,29.86645824,24.5430774,1.724164655,0,18.54116219,45.10201105,387.3769373
1941,341.6999656,30.69436298,24.96069451,1.707819533,0,18.47662779,45.23290279,388.6194974
1942,342.124268,30.931761,25.38029965,1.691549147,0,18.41209339,45.36420793,389.865778
1943,342.5485704,31.17122178,25.8018928,1.675353496,0,18.34755899,45.49592647,391.1157793
1944,342.9728728,31.41274532,26.22547397,1.659232585,0,18.28302459,45.62805841,392.3695011
1945,343.3971752,31.65633161,26.65104316,1.64318641,0,18.21849019,45.76060374,393.6269434
1946,339.0706247,29.86166969,26.35123166,1.621791539,0,17.82106053,45.26350869,389.5505177
1947,336.4403312,29.34439311,26.03198976,1.600530992,0,17.42363088,44.76237321,385.437728
1948,333.8100376,28.80782047,25.69331746,1.579404771,0,17.02620122,44.25719728,381.2885743
1949,310.436443,31.81300031,33.42045201,1.732058186,0.039021725,17.1484148,41.99744254,362.4506819
1950,370.1876848,35.61564695,32.38076588,1.779687755,0.043443396,18.49084297,45.74878337,394.863754
1951,398.5572435,39.51628751,33.91101275,1.827951457,0.048366101,20.05146437,49.84834146,430.3305006
1952,434.5084385,48.47002609,40.4406271,1.876849566,0.053846612,21.90314928,55.87945655,482.8836295
1953,455.0032143,47.24884644,42.68215764,1.926382082,0.059948138,23.37175912,59.40817463,513.2785585
1954,481.1941264,49.84731929,45.45357976,1.976549294,0.066741045,24.86453963,63.00873806,544.3156269
1955,486.8953736,38.3232257,41.42693448,2.027350626,0.074303678,25.43279646,62.1538153,536.2960539
1956,486.8419309,42.83880839,40.73953578,2.078786364,0.082723256,25.8904898,62.12073971,535.5800838
1957,477.6693174,78.4435749,53.03814884,2.13085681,0.092096883,26.20698557,68.69671279,594.4604804
1958,451.4493558,53.87367183,66.65621626,2.183561364,0.102532663,25.1090672,67.16591213,581.8337309
1959,464.735952,43.16133194,45.39349682,2.236900325,0.114150955,25.84395059,63.41979515,547.4757363
1960,435.9415487,22.43531153,44.21223262,2.290873692,0.12708575,24.72186096,56.2602747,484.1227384
1961,420.6799314,32.7686617,34.94841386,2.345481781,0.141486227,24.78094496,52.80794834,452.9730153
1962,431.4149568,51.68917358,35.98399183,2.400723964,0.157518466,25.47787857,56.25779769,483.3772639
1963,470.7057265,71.90940949,52.8579376,2.456600556,0.175367367,26.63039515,65.34520916,564.1165269
1964,491.0484334,80.40768451,66.09840456,2.513111877,0.195238782,27.55728424,72.22714152,625.278076
1965,519.5343411,86.37199661,74.63347468,2.570257285,0.217361889,28.7963191,77.85005654,674.7963234
1966,532.9403095,92.05504825,80.29154816,2.628037098,0.241991832,31.42905233,83.29903987,720.6462227
1967,541.2831429,87.38292079,82.03143196,2.686451654,0.26941267,32.12616858,84.394341,730.0104019
1968,549.0780539,83.96248109,82.0022317,2.745500283,0.299940648,32.31489739,84.02806772,726.7287987
1969,556.0790906,85.75146112,80.84887004,2.805183318,0.333927844,32.19741157,83.80250374,725.0197938
1970,571.6687199,105.6050824,81.91526042,2.865500761,0.371766235,32.96499552,88.27108235,764.6730025
1971,576.9639048,121.5062994,93.39399103,2.926452961,0.413892209,34.04437606,95.48073098,828.664343
1972,576.1595111,117.0820088,102.997724,2.988039218,0.460791607,34.4510893,98.82627817,858.3675544
1973,594.7652488,110.4420391,104.8623906,3.050259883,0.51300532,35.59589505,99.6099893,864.1776399
1974,595.2341837,114.5486488,104.4026291,3.113115318,0.571135529,36.43892393,100.0349999,867.1859752
1975,592.6100643,124.8376473,106.0110632,3.176604798,0.72489,37.39058446,102.0842784,884.8814069
1976,575.8788439,122.7990697,109.7274315,3.240728686,0.719536667,37.0510255,102.1265015,885.6666463
1977,578.1069067,125.0929189,112.2709962,3.305486979,0.714183333,37.60662371,102.4739795,888.3631277
1978,589.4714018,127.0238591,109.8096649,3.370880056,0.70883,38.1317975,103.3461858,895.7534837
1979,611.9821696,146.0714104,127.8378312,3.436907167,0.95046,40.10959921,109.3293923,947.8215585
1980,621.5120901,141.4020278,137.3635466,4.15692,0.99791,41.21548189,110.2187529,954.7855936
1981,636.7729721,144.547794,136.6479664,4.35375,1.13077,41.96436607,110.106148,953.1152068
1982,657.3200193,160.862538,142.1443304,4.55058,1.43007,42.13276763,113.326025,981.8074871
1983,660.4325372,167.077515,147.9939658,5.3838432,1.61987,40.83562433,114.920573,997.1534688
1984,698.4260235,196.7926958,158.0123504,6.99235092,1.89508,40.90254901,120.6338646,1048.289449
1985,731.1839193,222.0100968,170.856597,8.66214,2.11262,40.93384267,128.3523967,1117.718377
1986,773.8148265,215.8744617,182.7184444,8.991,2.43017,41.86568542,134.0000056,1167.444266
1987,810.638982,220.3970949,197.0693211,9.56124,2.76524,43.34018696,137.4142414,1196.507435
1988,855.8120829,256.5763422,214.7484844,11.2671,3.05797,45.69293082,144.681352,1259.538985
1989,882.5524461,260.3301784,228.4602333,11.66076,3.18134,47.38689425,149.7342573,1303.340871
1990,903.7211737,283.007012,247.9800977,12.87252,3.46823,281.4490181,155.21771,1118.551015
1991,933.9844231,310.1849902,272.3614453,14.9364,3.82739,290.7682304,161.0731233,1161.786042
1992,982.3847002,350.337484,295.1977822,16.52238,4.11647,303.9280675,169.462532,1223.868193
1993,1060.810431,389.1531455,334.0840395,19.11276,4.11501,322.585217,180.063892,1300.4394
1994,1202.85899,460.8302879,396.8101964,23.9598,4.44497,355.7006281,198.4071218,1432.301414
1995,1074.047533,495.2617963,449.7867157,27.16254,4.91144,355.994834,201.5738909,1460.409621
1996,1113.946645,454.2203468,405.8057567,31.83624,5.37134,339.6602942,188.470084,1358.836167
1997,1288.013449,559.7235752,470.3289821,30.73302,4.97203,377.2083308,210.1133167,1516.110061
1998,1308.559052,555.4378652,508.3789177,32.74506,5.44142,390.9876613,219.0713675,1582.854679
1999,1348.028247,599.0646368,534.6729554,34.58214,5.89037,404.4729372,226.4026176,1635.315191
2000,1318.327258,607.0990874,547.8199075,35.3484,6.70943,741.5896475,225.1651862,1287.039269
2001,1291.950843,627.2998155,560.6882113,35.80362,8.19717,738.9828144,224.8527453,1286.52416
2002,1330.322453,627.2105938,576.0514965,36.70434,10.22292,745.5618266,226.6624257,1296.135732
2003,1358.373705,661.1922793,602.3936135,37.79622,13.49478,760.1046934,230.5833404,1316.885038
2004,1377.955781,675.3596874,623.1995844,38.40372,17.28932,771.8194668,234.0724513,1336.554531
2005,1337.376355,704.6083499,632.3680415,39.49722,20.91304,772.2062417,236.2756318,1356.01871
2006,1304.08142,671.1161214,639.5609476,39.2688,24.10825,755.9294729,231.697541,1331.115646
2007,1357.876301,686.0654751,629.4067109,40.9698,26.52382,758.3517664,231.6934272,1328.478356
2008,1356.795171,735.9235836,662.5616669,43.77564,27.23995,780.4770761,239.9243675,1380.418374
2009,1391.361854,756.3001445,691.6135911,44.4285,26.84721,800.3481948,246.6344689,1420.992775
2010,1389.279287,772.8578034,713.1507211,44.75574,27.3604,807.6698995,249.1542135,1436.399241
2011,1367.090726,792.5688645,713.3273052,45.54468,27.81811,805.5075476,248.6095056,1433.770865
2012,1384.303228,824.4297624,739.0083014,46.35144,28.29042,820.574925,253.988856,1467.262122
