时间,城市居民排泄物未还田含磷量,城市居民排泄物进入生活污水的含磷量,农村生活垃圾含磷量,城市生活垃圾含磷量,城市、农村生活污水含磷量,城市未处理生活污水含磷量,城市、农村居民排泄物还田含磷量,农村居民排泄物未还田含磷量
1600,0,0,5831.88,0,3232.560695,0,51605.292,2716.068
1601,0,0,5794.496152,0,3211.839155,0,51274.48883,2698.657307
1602,0,0,5757.11231,0,3191.117611,0,50943.68571,2681.246616
1603,0,0,5719.728462,0,3170.396068,0,50612.88254,2663.835923
1604,0,0,5682.344614,0,3149.674524,0,50282.07937,2646.42523
1605,0,0,5644.960771,0,3128.952981,0,49951.27625,2629.01454
1606,0,0,5607.576924,0,3108.23144,0,49620.47308,2611.603847
1607,0,0,5570.193076,0,3087.509897,0,49289.66992,2594.193153
1608,0,0,5532.809229,0,3066.788353,0,48958.86675,2576.78246
1609,0,0,5495.425386,0,3046.06681,0,48628.06363,2559.37177
1610,0,0,5458.041538,0,3025.345267,0,48297.26046,2541.961077
1611,0,0,5420.65769,0,3004.623724,0,47966.45729,2524.550384
1612,0,0,5383.273848,0,2983.902182,0,47635.65417,2507.139693
1613,0,0,5345.89,0,2963.180639,0,47304.851,2489.729
1614,0,0,5308.506152,0,2942.459096,0,46974.04783,2472.318307
1615,0,0,5271.12231,0,2921.737553,0,46643.24471,2454.907616
1616,0,0,5233.738462,0,2901.01601,0,46312.44154,2437.496923
1617,0,0,5196.354614,0,2880.294467,0,45981.63837,2420.08623
1618,0,0,5158.970771,0,2859.572924,0,45650.83525,2402.67554
1619,0,0,5121.586924,0,2838.851381,0,45320.03208,2385.264847
1620,0,0,5084.203076,0,2818.129838,0,44989.22892,2367.854153
1621,0,0,5046.819229,0,2797.408295,0,44658.42575,2350.44346
1622,0,0,5009.435386,0,2776.686752,0,44327.62263,2333.03277
1623,0,0,4972.051538,0,2755.965209,0,43996.81946,2315.622077
1624,0,0,4934.66769,0,2735.243666,0,43666.01629,2298.211384
1625,0,0,4897.283848,0,2714.522123,0,43335.21317,2280.800693
1626,0,0,4859.9,0,2693.80058,0,43004.41,2263.39
1627,0,0,4831.921556,0,2678.29237,0,42756.83361,2250.359664
1628,0,0,4803.943111,0,2662.784161,0,42509.25722,2237.329328
1629,0,0,4775.964667,0,2647.275951,0,42261.68083,2224.298991
1630,0,0,4747.986223,0,2631.767741,0,42014.10445,2211.268655
1631,0,0,4720.007778,0,2616.259531,0,41766.52806,2198.238319
1632,0,0,4692.029334,0,2600.751321,0,41518.95167,2185.207983
1633,0,0,4664.05089,0,2585.243111,0,41271.37528,2172.177646
1634,0,0,4636.072446,0,2569.734901,0,41023.79889,2159.14731
1635,0,0,4608.094001,0,2554.226691,0,40776.2225,2146.116974
1636,0,0,4580.115557,0,2538.718481,0,40528.64612,2133.086638
1637,0,0,4552.137113,0,2523.210271,0,40281.06973,2120.056301
1638,0,0,4524.158668,0,2507.702061,0,40033.49334,2107.025965
1639,0,0,4496.180224,0,2492.193851,0,39785.91695,2093.995629
1640,0,0,4468.20178,0,2476.685641,0,39538.34056,2080.965293
1641,0,0,4440.223336,0,2461.177431,0,39290.76417,2067.934957
1642,0,0,4412.244891,0,2445.669221,0,39043.18779,2054.90462
1643,0,0,4384.266447,0,2430.161011,0,38795.6114,2041.874284
1644,0,0,4356.288003,0,2414.652802,0,38548.03501,2028.843948
1645,0,0,4328.309558,0,2399.144592,0,38300.45862,2015.813612
1646,0,0,4300.331114,0,2383.636382,0,38052.88223,2002.783275
1647,0,0,4309.053015,0,2388.470856,0,38130.06082,2006.845306
1648,0,0,4317.774915,0,2393.30533,0,38207.23939,2010.907336
1649,0,0,4326.496816,0,2398.139804,0,38284.41798,2014.969367
1650,0,0,4335.218716,0,2402.974278,0,38361.59656,2019.031398
1651,0,0,4343.940617,0,2407.808752,0,38438.77514,2023.093428
1652,0,0,4352.662517,0,2412.643226,0,38515.95372,2027.155459
1653,0,0,4361.384418,0,2417.4777,0,38593.1323,2031.21749
1654,0,0,4370.106318,0,2422.312174,0,38670.31088,2035.27952
1655,0,0,4378.828219,0,2427.146649,0,38747.48946,2039.341551
1656,0,0,4387.550119,0,2431.981123,0,38824.66805,2043.403581
1657,0,0,4396.27202,0,2436.815597,0,38901.84662,2047.465612
1658,0,0,4404.99392,0,2441.650071,0,38979.02521,2051.527642
1659,0,0,4413.715821,0,2446.484545,0,39056.20379,2055.589673
1660,0,0,4422.437721,0,2451.319019,0,39133.38237,2059.651704
1661,0,0,4431.159622,0,2456.153493,0,39210.56095,2063.713734
1662,0,0,4460.950809,0,2472.666491,0,39474.17798,2077.588315
1663,0,0,4489.186828,0,2488.317472,0,39724.03361,2090.738611
1664,0,0,4502.600152,0,2495.752362,0,39842.72578,2096.985567
1665,0,0,4514.409709,0,2502.298297,0,39947.22649,2102.485605
1666,0,0,4533.703512,0,2512.992685,0,40117.954,2111.471263
1667,0,0,4545.46447,0,2519.511683,0,40222.02467,2116.948667
1668,0,0,4555.330067,0,2524.980098,0,40309.32363,2121.543349
1669,0,0,4570.055564,0,2533.142314,0,40439.62699,2128.40142
1670,0,0,4581.281933,0,2539.364993,0,40538.96717,2133.629851
1671,0,0,4593.334485,0,2546.045619,0,40645.61811,2139.243059
1672,0,0,4608.400175,0,2554.396401,0,40778.93178,2146.259568
1673,0,0,4624.292048,0,2563.205128,0,40919.5562,2153.660853
1674,0,0,4640.183921,0,2572.013856,0,41060.18062,2161.062138
1675,0,0,4656.075794,0,2580.822584,0,41200.80504,2168.463423
1676,0,0,4641.2045,0,2572.579554,0,41069.21155,2161.53745
1677,0,0,4626.284607,0,2564.309587,0,40937.18801,2154.588843
1678,0,0,4611.364714,0,2556.039619,0,40805.16447,2147.640235
1679,0,0,4596.49342,0,2547.796589,0,40673.57098,2140.714262
1680,0,0,4581.573527,0,2539.526621,0,40541.54744,2133.765655
1681,0,0,4566.702233,0,2531.283591,0,40409.95394,2126.839681
1682,0,0,4636.976387,0,2570.235948,0,41031.79771,2159.568301
1683,0,0,4745.595152,0,2630.442391,0,41992.94628,2210.155067
1684,0,0,4853.970922,0,2690.514144,0,42951.94462,2260.628664
1685,0,0,4874.188106,0,2701.720354,0,43130.84297,2270.044367
1686,0,0,4874.576898,0,2701.935858,0,43134.28332,2270.225438
1687,0,0,4875.548878,0,2702.474618,0,43142.8842,2270.678116
1688,0,0,4877.249843,0,2703.417449,0,43157.93574,2271.470302
1689,0,0,4878.950808,0,2704.360279,0,43172.98729,2272.262489
1690,0,0,4879.145204,0,2704.468031,0,43174.70746,2272.353024
1691,0,0,4879.3396,0,2704.575783,0,43176.42764,2272.44356
1692,0,0,4879.485397,0,2704.656597,0,43177.71777,2272.511462
1693,0,0,4880.068585,0,2704.979853,0,43182.8783,2272.783069
1694,0,0,4880.651773,0,2705.303109,0,43188.03883,2273.054675
1695,0,0,4885.414475,0,2707.943034,0,43230.18315,2275.272798
1696,0,0,4890.177177,0,2710.582958,0,43272.32747,2277.49092
1697,0,0,4890.274375,0,2710.636834,0,43273.18756,2277.536188
1698,0,0,4890.274375,0,2710.636834,0,43273.18756,2277.536188
1699,0,0,4890.322974,0,2710.663772,0,43273.61761,2277.558821
1700,0,0,4890.322974,0,2710.663772,0,43273.61761,2277.558821
1701,0,0,4890.371573,0,2710.69071,0,43274.04765,2277.581455
1702,0,0,4890.420172,0,2710.717648,0,43274.47769,2277.604089
1703,0,0,4890.468771,0,2710.744586,0,43274.90774,2277.626723
1704,0,0,4890.663167,0,2710.852338,0,43276.62792,2277.717259
1705,0,0,4890.711766,0,2710.879276,0,43277.05796,2277.739893
1706,0,0,4985.382618,0,2763.354511,0,44114.78387,2321.83073
1707,0,0,5081.948831,0,2816.880329,0,44969.28149,2366.804289
1708,0,0,5180.313207,0,2871.402853,0,45839.69075,2412.615303
1709,0,0,5252.191128,0,2911.244163,0,46475.72598,2446.090841
1710,0,0,5415.289372,0,3001.648111,0,47918.95397,2522.050209
1711,0,0,5583.393313,0,3094.826672,0,49406.47652,2600.340869
1712,0,0,5764.424588,0,3195.170744,0,51008.39079,2684.652147
1713,0,0,5778.226704,0,3202.821137,0,51130.52331,2691.080174
1714,0,0,5792.02882,0,3210.471533,0,51252.65584,2697.508202
1715,0,0,5804.810357,0,3217.556228,0,51365.75744,2703.460918
1716,0,0,5834.164153,0,3233.826783,0,51625.50407,2717.131793
1717,0,0,5836.7399,0,3235.254499,0,51648.29641,2718.33139
1718,0,0,5846.313903,0,3240.561285,0,51733.0151,2722.790268
1719,0,0,5857.443074,0,3246.730088,0,51831.4952,2727.973431
1720,0,0,5859.532831,0,3247.88842,0,51849.98709,2728.946689
1721,0,0,5942.928715,0,3294.114039,0,52587.94277,2767.786462
1722,0,0,6031.281697,0,3343.087333,0,53369.76294,2808.934892
1723,0,0,6024.769431,0,3339.477642,0,53312.13703,2805.901949
1724,0,0,6113.025215,0,3388.397061,0,54093.09712,2847.005112
1725,0,0,6113.122413,0,3388.450935,0,54093.95721,2847.050379
1726,0,0,6178.147875,0,3424.493988,0,54669.35621,2877.334538
1727,0,0,6205.800706,0,3439.821713,0,54914.05131,2890.213227
1728,0,0,6206.675488,0,3440.306598,0,54921.7921,2890.620637
1729,0,0,6240.986382,0,3459.324828,0,55225.40323,2906.60017
1730,0,0,6273.207519,0,3477.184726,0,55510.52247,2921.606446
1731,0,0,6305.671651,0,3495.179315,0,55797.79193,2936.725891
1732,0,0,6338.232981,0,3513.227779,0,56085.92148,2951.890604
1733,0,0,6371.037306,0,3531.410931,0,56376.20125,2967.168487
1734,0,0,6403.938829,0,3549.647961,0,56667.3411,2982.491637
1735,0,0,6597.154568,0,3656.745777,0,58377.07358,3072.477557
1736,0,0,6790.370308,0,3763.843593,0,60086.80606,3162.463477
1737,0,0,6983.586047,0,3870.941406,0,61796.53854,3252.449397
1738,0,0,7176.801781,0,3978.039222,0,63506.27097,3342.435314
1739,0,0,7370.01752,0,4085.137035,0,65216.00345,3432.421234
1740,0,0,7563.23326,0,4192.23485,0,66925.73593,3522.407154
1741,0,0,7756.448999,0,4299.332663,0,68635.4684,3612.393074
1742,0,0,7968.097644,0,4416.64768,0,70508.31046,3710.963708
1743,0,0,8200.10927,0,4545.249721,0,72561.34099,3819.017947
1744,0,0,8317.524454,0,4610.331943,0,73600.32754,3873.701449
1745,0,0,8472.74966,0,4696.371933,0,74973.88839,3945.994126
1746,0,0,8570.968239,0,4750.813641,0,75843.00752,3991.737238
1747,0,0,8710.641765,0,4828.233469,0,77078.95426,4056.787067
1748,0,0,8850.36389,0,4905.680236,0,78315.33105,4121.859529
1749,0,0,8875.392375,0,4919.553311,0,78536.80376,4133.515988
1750,0,0,8919.763262,0,4944.14771,0,78929.43403,4154.180738
1751,0,0,9092.095316,0,5039.669877,0,80454.3704,4234.440548
1752,0,0,9162.175074,0,5078.514483,0,81074.494,4267.078631
1753,0,0,9221.17426,0,5111.217221,0,81596.56753,4294.556186
1754,0,0,9275.702338,0,5141.441664,0,82079.07701,4319.951422
1755,0,0,9354.384119,0,5185.054296,0,82775.31841,4356.595706
1756,0,0,9423.054506,0,5223.117699,0,83382.97073,4388.577407
1757,0,0,9625.080549,0,5335.098987,0,85170.66405,4482.666529
1758,0,0,9697.007069,0,5374.967237,0,85807.12932,4516.164701
1759,0,0,9873.761632,0,5472.940763,0,87371.19971,4598.484195
1760,0,0,9996.619904,0,5541.040043,0,88458.35119,4655.702694
1761,0,0,10085.79907,0,5590.471282,0,89247.48212,4697.235901
1762,0,0,10224.69501,0,5667.460104,0,90476.54815,4761.923587
1763,0,0,10420.59758,0,5776.047206,0,92210.05592,4853.160838
1764,0,0,10552.15507,0,5848.968387,0,93374.1853,4914.430805
1765,0,0,10582.77244,0,5865.939329,0,93645.11308,4928.690162
1766,0,0,10649.25587,0,5902.790521,0,94233.41341,4959.653338
1767,0,0,10752.72315,0,5960.141537,0,95148.9773,5007.840911
1768,0,0,11022.59339,0,6109.728282,0,97537.01219,5133.526957
1769,0,0,11303.30122,0,6265.322203,0,100020.9469,5264.260364
1770,0,0,11591.0073,0,6424.795199,0,102566.808,5398.253052
1771,0,0,11885.90603,0,6588.255018,0,105176.3156,5535.595557
1772,0,0,12188.04601,0,6755.7286,0,107849.8998,5676.310513
1773,0,0,12497.71884,0,6927.377571,0,110590.1408,5820.533724
1774,0,0,12815.07031,0,7103.28275,0,113398.3287,5968.333091
1775,0,0,13153.12495,0,7290.663518,0,116389.7155,6125.774499
1776,0,0,13335.95439,0,7392.004298,0,118007.5414,6210.923231
1777,0,0,13466.49131,0,7464.359781,0,119162.6398,6271.717887
1778,0,0,13570.34737,0,7521.926298,0,120081.6441,6320.086531
1779,0,0,13674.25203,0,7579.519754,0,121001.0784,6368.477809
1780,0,0,13799.10286,0,7648.723491,0,122105.8617,6426.624298
1781,0,0,13911.56095,0,7711.058038,0,123100.9837,6478.999143
1782,0,0,14011.33469,0,7766.361762,0,123983.8643,6525.46654
1783,0,0,14121.26563,0,7827.295533,0,124956.624,6576.664421
1784,0,0,14234.98729,0,7890.330467,0,125962.9272,6629.627747
1785,0,0,14361.39329,0,7960.396218,0,127081.4719,6688.498521
1786,0,0,14466.75592,0,8018.797816,0,128013.8075,6737.568816
1787,0,0,14592.14134,0,8088.297872,0,129123.3213,6795.964278
1788,0,0,14660.90893,0,8126.415149,0,129731.8337,6827.991247
1789,0,0,14842.1832,0,8226.893912,0,131335.8982,6912.415694
1790,0,0,14972.52572,0,8299.141643,0,132489.2765,6973.119814
1791,0,0,15104.715,0,8372.413017,0,133658.9964,7034.684022
1792,0,0,15241.47258,0,8448.216567,0,134869.1405,7098.375816
1793,0,0,15376.5778,0,8523.104223,0,136064.6631,7161.298058
1794,0,0,15499.72767,0,8591.36513,0,137154.3949,7218.652361
1795,0,0,14677.72418,0,8135.735698,0,129880.6289,6835.822576
1796,0,0,14463.59699,0,8017.046847,0,127985.8546,6736.097613
1797,0,0,14263.9037,0,7906.358579,0,126218.8034,6643.094918
1798,0,0,14367.75976,0,7963.925099,0,127137.8077,6691.463562
1799,0,0,14481.33562,0,8026.879216,0,128142.8207,6744.358986
1800,0,0,14577.80464,0,8080.35116,0,128996.4583,6789.287278
1801,0,0,14689.63094,0,8142.335511,0,129985.9898,6841.367882
1802,0,0,14800.63105,0,8203.861916,0,130968.2105,6893.063709
1803,0,0,14924.12111,0,8272.311389,0,132060.9525,6950.576449
1804,0,0,15450.44828,0,8564.049991,0,136718.3301,7195.701586
1805,0,0,15995.29167,0,8866.051973,0,141539.5545,7449.450239
1806,0,0,16559.38026,0,9178.721409,0,146531.0764,7712.161917
1807,0,0,16702.26133,0,9257.919145,0,147795.4061,7778.705583
1808,0,0,17296.1897,0,9587.128513,0,153050.975,8055.314474
1809,0,0,17424.97705,0,9658.514229,0,154190.5919,8115.294309
1810,0,0,17565.96275,0,9736.661383,0,155438.1498,8180.955253
1811,0,0,17706.94845,0,9814.80854,0,156685.7077,8246.616197
1812,0,0,17846.47618,0,9892.147552,0,157920.3644,8311.598124
1813,0,0,16841.74046,0,9335.231221,0,149029.6326,7843.664876
1814,0,0,16000.63756,0,8869.015156,0,141586.8594,7451.939968
1815,0,0,16466.79917,0,9127.404508,0,145711.8424,7669.044337
1816,0,0,16938.88986,0,9389.080294,0,149889.2908,7888.910042
1817,0,0,17229.51188,0,9550.169571,0,152460.9545,8024.260764
1818,0,0,17747.67441,0,9837.382587,0,157046.0847,8265.583405
1819,0,0,18384.17552,0,10190.18965,0,162678.3723,8562.019594
1820,0,0,18494.05786,0,10251.09648,0,163650.702,8613.194842
1821,0,0,18557.52815,0,10286.27752,0,164212.3396,8642.754715
1822,0,0,18644.08297,0,10334.25411,0,164978.2481,8683.065691
1823,0,0,18779.04239,0,10409.06095,0,166172.4806,8745.920031
1824,0,0,18751.34096,0,10393.70628,0,165927.3555,8733.018708
1825,0,0,18831.28632,0,10438.0193,0,166634.778,8770.251474
1826,0,0,18851.21191,0,10449.06389,0,166811.0961,8779.531373
1827,0,0,19020.23923,0,10542.75427,0,168306.7895,8858.252077
1828,0,0,19160.73894,0,10620.63204,0,169550.047,8923.686682
1829,0,0,19359.46025,0,10730.78155,0,171308.4973,9016.236699
1830,0,0,19474.34828,0,10794.463,0,172325.1215,9069.743239
1831,0,0,19554.34224,0,10838.80295,0,173032.9741,9106.998638
1832,0,0,19610.57128,0,10869.97023,0,173530.5351,9133.18606
1833,0,0,19695.71673,0,10917.16561,0,174283.9724,9172.840653
1834,0,0,19781.68836,0,10964.81894,0,175044.7204,9212.880022
1835,0,0,19877.96298,0,11018.18313,0,175896.6378,9257.717778
1836,0,0,19962.33084,0,11064.94751,0,176643.1943,9297.010228
1837,0,0,20070.22062,0,11124.74988,0,177597.8922,9347.257486
1838,0,0,20173.88229,0,11182.20865,0,178515.1763,9395.535595
1839,0,0,20260.7773,0,11230.37381,0,179284.0952,9436.005008
1840,0,0,20357.14912,0,11283.79187,0,180136.8726,9480.888032
1841,0,0,20459.20702,0,11340.36168,0,181039.9652,9528.419222
1842,0,0,20519.85857,0,11373.98032,0,181576.6603,9556.666329
1843,0,0,20576.8166,0,11405.55166,0,182080.6719,9583.19326
1844,0,0,20683.7344,0,11464.81527,0,183026.769,9632.98784
1845,0,0,20781.51559,0,11519.01454,0,183892.0177,9678.527247
1846,0,0,20866.90403,0,11566.34461,0,184647.6052,9718.295009
1847,0,0,20964.97681,0,11620.70551,0,185515.4342,9763.970219
1848,0,0,21054.01018,0,11670.05594,0,186303.275,9805.435524
1849,0,0,21128.26945,0,11711.21721,0,186960.3823,9840.020123
1850,0,0,21203.6951,0,11753.02499,0,187627.8108,9875.147936
1851,0,0,21300.55291,0,11806.71244,0,188484.8887,9920.257299
1852,0,0,21366.40455,0,11843.21344,0,189067.5984,9950.926233
1853,0,0,21129.04704,0,11711.64822,0,186967.263,9840.382266
1854,0,0,21076.85171,0,11682.7168,0,186505.3957,9816.073457
1855,0,0,20915.11424,0,11593.06712,0,185074.2089,9740.747838
1856,0,0,20697.73091,0,11472.57342,0,183150.6217,9639.506403
1857,0,0,20608.64894,0,11423.19605,0,182362.3508,9598.018465
1858,0,0,20545.85904,0,11388.39215,0,181806.7338,9568.775466
1859,0,0,20547.31701,0,11389.20029,0,181819.6352,9569.454483
1860,0,0,20312.77823,0,11259.19747,0,179744.2423,9460.223281
1861,0,0,20052.23899,0,11114.78282,0,177438.7759,9338.882943
1862,0,0,19773.62093,0,10960.34723,0,174973.3331,9209.122795
1863,0,0,19330.20365,0,10714.56487,0,171049.6107,9002.611091
1864,0,0,18807.22981,0,10424.68499,0,166421.9062,8759.047693
1865,0,0,17972.056,0,9961.75536,0,159031.5983,8370.084122
1866,0,0,17523.48723,0,9713.117567,0,155062.2913,8161.173225
1867,0,0,17486.84358,0,9692.80631,0,154738.038,8144.107264
1868,0,0,17449.37375,0,9672.037107,0,154406.474,8126.656527
1869,0,0,17433.19028,0,9663.066751,0,154263.2693,8119.119439
1870,0,0,17385.61186,0,9636.694444,0,153842.2562,8096.96085
1871,0,0,17392.99891,0,9640.78902,0,153907.6229,8100.401203
1872,0,0,17411.46653,0,9651.025464,0,154071.0396,8109.002085
1873,0,0,17449.42235,0,9672.064046,0,154406.9041,8126.679161
1874,0,0,17480.23412,0,9689.142741,0,154679.552,8141.029054
1875,0,0,17568.5385,0,9738.089098,0,155460.9422,8182.15485
1876,0,0,17624.91334,0,9769.337186,0,155959.7933,8208.410174
1877,0,0,17692.12576,0,9806.592446,0,156554.5443,8239.712858
1878,0,0,17727.94322,0,9826.445757,0,156871.4868,8256.394042
1879,0,0,17797.73138,0,9865.128732,0,157489.0301,8288.896322
1880,0,0,17836.95078,0,9886.867705,0,157836.0757,8307.16188
1881,0,0,17904.94078,0,9924.553975,0,158437.7074,8338.826706
1882,0,0,17877.77394,0,9909.495629,0,158197.3128,8326.174356
1883,0,0,17902.02484,0,9922.937694,0,158411.9048,8337.468672
1884,0,0,17995.62651,0,9974.820292,0,159240.1697,8381.061563
1885,0,0,18085.72906,0,10024.76336,0,160037.4715,8423.024814
1886,0,0,18180.8859,0,10077.50797,0,160879.4978,8467.34199
1887,0,0,18246.64035,0,10113.95509,0,161461.3475,8497.965657
1888,0,0,18346.3169,0,10169.20494,0,162343.3679,8544.387786
1889,0,0,18421.11076,0,10210.66253,0,163005.2058,8579.221358
1890,0,0,18498.52896,0,10253.57478,0,163690.266,8615.27716
1891,0,0,18579.93229,0,10298.69594,0,164410.5899,8653.188943
1892,0,0,18665.07774,0,10345.89132,0,165164.0272,8692.843536
1893,0,0,18761.30376,0,10399.22858,0,166015.5145,8737.658658
1894,0,0,18870.06832,0,10459.51583,0,166977.9532,8788.313326
1895,0,0,18932.76103,0,10494.26586,0,167532.7101,8817.511057
1896,0,0,19040.84521,0,10554.17598,0,168489.1282,8867.848851
1897,0,0,19161.03053,0,10620.79367,0,169552.6272,8923.822485
1898,0,0,19266.19877,0,10679.08752,0,170483.2427,8972.802245
1899,0,0,19352.89938,0,10727.14492,0,171250.4413,9013.181122
1900,0,0,19439.6,0,10775.20232,0,172017.64,9053.56
1901,0,0,19578.44361,0,10852.16213,0,173246.2429,9118.223312
1902,0,0,19717.28721,0,10929.12194,0,174474.8458,9182.886624
1903,0,0,19856.13081,0,11006.08175,0,175703.4487,9247.549933
1904,0,0,19994.97442,0,11083.04156,0,176932.0517,9312.213245
1905,0,0,20133.81802,0,11160.00137,0,178160.6546,9376.876557
1906,0,0,20272.66163,0,11236.96118,0,179389.2575,9441.539868
1907,0,0,20411.50523,0,11313.92099,0,180617.8604,9506.203178
1908,0,0,20550.34884,0,11390.8808,0,181846.4633,9570.866489
1909,0,0,20689.19244,0,11467.84062,0,183075.0662,9635.529801
1910,0,0,20828.03605,0,11544.80043,0,184303.6691,9700.193113
1911,0,0,20966.87965,0,11621.76024,0,185532.272,9764.856422
1912,0,0,21105.72325,0,11698.72005,0,186760.875,9829.519734
1913,0,0,21244.56686,0,11775.67986,0,187989.4779,9894.183046
1914,0,0,21480.00472,0,11906.18103,0,190072.8265,10003.83297
1915,0,0,21715.44257,0,12036.6822,0,192156.1752,10113.4829
1916,0,0,21960.09966,0,12172.2935,0,194321.1032,10227.42648
1917,0,0,22204.75674,0,12307.90481,0,196486.0312,10341.37006
1918,0,0,22449.41383,0,12443.51612,0,198650.9592,10455.31364
1919,0,0,22694.07091,0,12579.12743,0,200815.8872,10569.25722
1920,0,0,22938.728,0,12714.73874,0,202980.8152,10683.2008
1921,0,0,23020.61731,0,12760.12928,0,203705.4395,10721.33892
1922,0,0,23102.50663,0,12805.51982,0,204430.0638,10759.47704
1923,0,0,23184.39594,0,12850.91036,0,205154.6881,10797.61516
1924,0,0,23266.28526,0,12896.3009,0,205879.3124,10835.75329
1925,0,0,23348.17458,0,12941.69144,0,206603.9367,10873.89141
1926,0,0,23431.37606,0,12987.80931,0,207340.1722,10912.64064
1927,0,0,23514.57755,0,13033.92717,0,208076.4077,10951.38988
1928,0,0,23597.77904,0,13080.04504,0,208812.6432,10990.13912
1929,0,0,23680.98053,0,13126.1629,0,209548.8787,11028.88835
1930,0,0,23764.911,0,13172.68484,0,210291.5649,11067.9771
1931,0,0,23943.10733,0,13271.45753,0,211868.3933,11150.96807
1932,0,0,24121.30367,0,13370.23021,0,213445.2216,11233.95903
1933,0,0,24299.5,0,13469.0029,0,215022.05,11316.95
1934,0,0,24428.09295,0,13540.28087,0,216159.9467,11376.8393
1935,0,0,24556.68591,0,13611.55883,0,217297.8434,11436.7286
1936,0,0,24686.29944,0,13683.40249,0,218444.771,11497.09321
1937,0,0,24817.65039,0,13756.20919,0,219607.0727,11558.26698
1938,0,0,24949.00134,0,13829.01588,0,220769.3744,11619.44076
1939,0,0,25080.35228,0,13901.82257,0,221931.6761,11680.61453
1940,0,0,25211.70323,0,13974.62927,0,223093.9778,11741.7883
1941,0,0,25346.1961,0,14049.17751,0,224284.0818,11804.42536
1942,0,0,25480.68898,0,14123.72575,0,225474.1858,11867.06241
1943,0,0,25615.18185,0,14198.27398,0,226664.2899,11929.69947
1944,0,0,25749.67472,0,14272.82222,0,227854.3939,11992.33652
1945,0,0,25884.16759,0,14347.37046,0,229044.498,12054.97358
1946,0,0,25994.28078,0,14408.40524,0,230018.8704,12106.25634
1947,0,0,26104.39396,0,14469.44003,0,230993.2428,12157.5391
1948,0,0,26214.50715,0,14530.47482,0,231967.6152,12208.82185
1949,2609.68867,0,23522.88798,8669.407,14046.09944,0,208173.4325,10955.26028
1950,2792.570582,0,23826.63173,9276.9422,15737.00199,0,210862.854,11096.72215
1951,3002.160496,0,24138.15132,9973.2016,17473.01319,0,213621.323,11241.80545
1952,3242.532514,0,24454.53081,10771.7194,19251.79347,0,216423.0735,11389.15214
1953,3542.658028,0,24770.9103,11768.7388,21064.42057,0,219225.3617,11536.49883
1954,3734.140822,0,25279.74183,12404.8462,22961.07497,0,223729.6468,11773.47576
1955,3750.43723,0,25844.9482,12458.983,24962.05003,0,228731.2063,12036.70802
1956,4157.84743,0,26069.96157,13812.403,26887.79203,0,230725.9772,12141.50298
1957,4503.693422,0,26585.59696,14961.3062,28891.62973,0,235291.8577,12381.64866
1958,4853.160838,0,26862.12527,16122.2398,30928.79622,0,237741.9538,12510.43555
1959,5600.079538,0,26649.74764,18603.5098,32846.60955,0,235869.3834,12411.5254
1960,5917.859494,0,25822.59266,19659.1774,34892.13111,0,228552.8928,12026.29643
1961,5752.179346,0,25831.34048,19108.7866,37220.62326,0,228628.8096,12030.37053
1962,5277.772802,0,27038.53964,17532.8042,39837.72739,0,239306.8354,12592.5966
1963,5271.887988,0,27957.06074,17513.2548,42311.0622,0,247434.616,13020.37731
1964,5862.1801,0,27968.23851,19474.21,44510.64625,0,247538.8387,13025.58311
1965,5905.18451,0,28913.00307,19617.071,47075.21905,0,255899.2831,13465.58613
1966,6026.502214,0,29756.68171,20020.0894,49653.43427,0,263365.9405,13858.51063
1967,6132.881544,0,30529.8918,20373.4824,52288.14713,0,270208.8996,14218.61598
1968,6264.158164,0,31441.60904,20809.5844,54980.39417,0,278277.7084,14643.22794
1969,6390.455326,0,32344.57846,21229.1446,57730.31257,0,286269.0644,15063.76581
1970,6529.427472,0,33323.36232,21690.8112,60537.47584,0,294931.4033,15519.61255
1971,6659.346058,0,34271.04282,22122.4018,63402.24079,0,303318.4326,15960.9736
1972,6760.74593,0,35108.88958,22459.253,66327.00104,0,310733.3054,16351.18204
1973,6946.34391,0,35898.13734,23075.811,69258.54076,0,317718.892,16718.75657
1974,7059.51341,0,36577.55136,23451.761,72272.26807,0,323731.927,17035.1785
1975,7256.42834,0,37124.7761,24105.914,75280.71287,0,328575.9958,17290.03621
1976,5632.840746,0,37603.96224,24573.5958,78366.18039,0,264703.0782,13929.07277
1977,5745.904314,0,38055.44695,25066.8422,81497.63694,0,267881.5934,14096.30949
1978,2972.227485,2972.227485,38400.01386,25933.031,84497.37217,104.9386663,270308.4029,14223.94225
1979,3187.668735,3187.668735,38416.05153,20665.92,87297.88089,230.7170858,270425.1521,14229.88285
1980,3298.83642,3298.83642,38667.79435,25807.68,90326.96749,367.3198372,272198.8903,14323.13217
1981,3476.532363,3476.532363,38831.08699,21473.44,93257.0334,527.9625665,273351.3237,14383.61822
1982,3702.14244,3702.14244,38963.76226,25750,96117.06368,716.9758624,274289.1381,14432.76313
1983,3838.990722,3838.990722,39235.91666,28444.48,99183.29383,911.8031369,276206.9929,14533.57321
1984,4139.402001,4139.402001,39044.4366,30957.68,101872.2294,1171.734268,274864.7855,14462.64612
1985,4325.026182,4325.026182,39247.09443,36890.48,104688.7384,1605.046237,276294.4094,14537.71363
1986,3110.53676,3110.53676,39433.71459,41274.16,107618.8066,1906.993885,176905.3794,9307.86262
1987,3264.848452,3264.848452,39669.41974,44479.52,110561.9396,2237.193011,177965.23,9363.498037
1988,3381.290073,3381.290073,40028.56635,47388.24,113668.8248,2569.088304,179577.9999,9448.270353
1989,3484.990362,3484.990362,40416.87236,51846.08,116846.2433,2915.960559,181321.3124,9539.925401
1990,17098.86808,25648.30212,40890.22662,55760.08,120158.6993,3263.373943,154454.9795,38606.62033
1991,17669.67977,26504.51966,41124.4738,62920.64,123314.1058,3652.175255,155340.5913,38827.78546
1992,18220.10533,27330.158,41307.20604,68078.88,126100.0998,4453.325685,156031.6173,39000.3126
1993,18785.25421,28177.88131,41476.33056,72437.84,128762.6577,5409.773374,156671.2767,39159.99199
1994,19349.27052,29023.90579,41640.10919,82004.48,132989.0486,4844.776982,157290.7449,39314.62403
1995,19918.38337,29877.57506,41769.38253,87929.04,135676.2758,5849.685738,157779.9086,39436.67781
1996,19118.76854,28678.15281,41350.45915,89201.296,137165.8102,7570.970429,146432.4509,36600.14658
1997,20218.10798,30327.16197,40909.18023,90491.68,134621.1896,8630.750699,144871.9428,36209.56148
1998,21324.6226,31986.93389,40411.52647,93128.48,136581.1438,10683.10286,143111.8524,35769.07785
1999,22421.39947,33632.09921,39869.64762,94061.1656,139335.5524,12458.529,141195.1677,35289.44967
2000,22056.93898,66170.81694,39285.97363,97388.56,139927.2395,14237.04186,104328.2863,69545.65551
2001,23093.81595,69281.44786,38666.82237,110996.096,143530.0922,16406.02038,102684.6764,68449.60833
2002,24125.88812,72377.66436,38024.34359,112476,144709.8422,19283.73876,100979.1214,67312.26582
2003,25165.64798,75496.94393,37348.81749,122421.68,144634.8064,21611.9181,99185.8171,66116.42158
2004,26081.92434,78245.77302,36791.87295,127796.632,145958.7671,24773.02466,97707.33494,65130.49532
2005,27008.77127,81026.31381,36227.63856,128354.48,146018.5163,30083.38669,96209.50029,64131.66426
2006,28006.24884,84018.74652,35555.0284,122574.12,145683.2243,34273.33773,94423.92013,62940.98194
2007,29132.97567,87398.92702,34746.34104,125371.6,142211.103,40873.91683,92277.06317,61509.41012
2008,29983.4262,89950.2786,34213.21001,127209.12,139128.4166,47951.50766,90861.78525,60565.63952
2009,30996.75963,92990.27889,33503.17862,129648.16,136553.8238,54288.15191,88976.84521,59308.71258
2010,32181.6246,96544.87381,32616.24687,130233.2,131254.659,62763.24445,86622.24692,57738.62931
2011,33191.11419,99573.34256,31908.15944,135094.8,131477.232,67513.04394,84742.46709,56485.14366
2012,34201.56473,102604.6942,31211.24978,140746.616,115906.195,66674.70166,82892.36872,55251.44535
